date,temperature_c,precipitations_mm,cas_paludisme,nb_accidents,nb_accouchements,demande_sang
2021-01-01,24.8,3.4,33,0,19,75.6
2021-01-02,24.4,1.3,30,3,3,58.8
2021-01-03,25.0,2.7,34,3,10,63.4
2021-01-04,25.8,0.0,30,4,11,69.4
2021-01-05,24.4,3.0,30,3,12,68.1
2021-01-06,24.4,7.3,26,3,15,72.4
2021-01-07,25.9,2.8,30,2,9,68.5
2021-01-08,25.3,6.2,33,2,10,70.9
2021-01-09,24.3,3.9,31,7,12,68.5
2021-01-10,25.2,0.4,27,4,11,66.3
2021-01-11,24.4,7.0,30,1,23,67.3
2021-01-12,24.4,0.2,30,4,15,74.6
2021-01-13,25.0,2.3,29,5,11,77.1
2021-01-14,23.3,0.5,31,4,9,65.1
2021-01-15,23.5,0.0,30,2,8,69.6
2021-01-16,24.5,1.6,31,7,15,71.3
2021-01-17,24.2,1.0,30,5,11,72.0
2021-01-18,25.3,2.0,29,1,6,65.7
2021-01-19,24.3,2.6,32,9,8,77.7
2021-01-20,24.0,0.1,30,5,16,76.0
2021-01-21,26.3,0.4,32,4,11,77.7
2021-01-22,25.0,2.5,24,4,10,70.4
2021-01-23,25.3,1.3,20,2,9,58.0
2021-01-24,24.1,3.9,25,4,12,67.0
2021-01-25,24.9,3.2,19,5,11,67.5
2021-01-26,25.4,5.6,21,2,11,67.0
2021-01-27,24.5,3.5,27,3,17,71.5
2021-01-28,25.7,1.7,28,4,6,65.4
2021-01-29,25.0,3.4,27,3,14,72.2
2021-01-30,25.3,1.0,23,8,15,72.4
2021-01-31,25.1,1.1,18,6,14,71.9
2021-02-01,27.1,4.7,24,4,21,74.1
2021-02-02,25.6,1.8,20,3,13,60.5
2021-02-03,24.9,4.8,19,5,15,70.0
2021-02-04,26.4,5.2,21,1,11,58.9
2021-02-05,24.8,5.8,17,6,13,72.4
2021-02-06,26.0,7.5,21,5,9,57.9
2021-02-07,24.3,1.7,18,7,20,68.4
2021-02-08,24.9,1.2,23,2,11,65.8
2021-02-09,26.1,2.6,20,6,12,77.4
2021-02-10,26.6,1.4,20,7,9,66.2
2021-02-11,26.2,2.8,17,3,16,69.3
2021-02-12,26.0,3.7,23,0,9,66.2
2021-02-13,25.9,3.5,22,10,7,75.3
2021-02-14,25.1,1.4,26,14,9,79.5
2021-02-15,25.7,0.5,24,5,11,75.3
2021-02-16,26.0,1.7,26,3,13,74.1
2021-02-17,27.2,0.5,22,5,14,67.2
2021-02-18,26.7,6.6,21,0,12,66.5
2021-02-19,25.1,1.3,25,2,13,72.6
2021-02-20,26.8,0.5,21,7,14,66.1
2021-02-21,26.3,0.1,21,5,8,61.8
2021-02-22,26.1,3.1,27,5,15,71.3
2021-02-23,27.2,3.0,21,2,9,68.6
2021-02-24,27.6,1.2,21,3,7,65.1
2021-02-25,27.5,0.2,23,6,11,70.5
2021-02-26,26.2,1.6,24,8,15,71.6
2021-02-27,26.6,1.1,28,3,15,68.4
2021-02-28,27.2,3.4,26,4,10,63.8
2021-03-01,27.8,2.8,19,4,10,68.6
2021-03-02,26.7,1.4,22,3,10,63.0
2021-03-03,27.0,0.7,19,4,11,69.0
2021-03-04,26.3,13.3,20,5,13,69.2
2021-03-05,26.2,1.8,22,6,9,65.3
2021-03-06,27.9,3.5,27,7,9,63.9
2021-03-07,28.4,0.5,20,7,7,60.8
2021-03-08,27.3,2.0,20,5,7,66.5
2021-03-09,28.2,0.1,25,4,7,68.5
2021-03-10,27.8,2.1,23,4,6,67.8
2021-03-11,27.0,10.0,26,7,14,77.1
2021-03-12,27.9,1.5,19,3,17,67.8
2021-03-13,28.8,0.1,24,7,8,71.8
2021-03-14,27.6,0.1,17,6,10,63.5
2021-03-15,29.0,1.5,26,2,7,68.0
2021-03-16,25.7,0.5,25,5,13,72.1
2021-03-17,28.5,0.1,22,6,18,77.4
2021-03-18,27.9,4.2,24,3,15,70.6
2021-03-19,27.7,1.8,19,4,9,68.8
2021-03-20,28.0,1.0,22,7,12,69.4
2021-03-21,26.4,6.9,25,6,10,71.4
2021-03-22,27.9,0.4,25,2,7,62.7
2021-03-23,28.4,9.4,21,4,12,62.7
2021-03-24,29.3,1.1,21,6,16,70.5
2021-03-25,27.8,6.6,28,5,12,77.6
2021-03-26,27.6,2.8,24,2,8,65.6
2021-03-27,27.9,5.3,22,3,15,67.2
2021-03-28,29.1,12.4,22,7,15,67.0
2021-03-29,28.7,1.0,22,3,8,66.9
2021-03-30,28.0,9.7,20,6,11,67.0
2021-03-31,28.9,1.5,20,3,6,61.3
2021-04-01,28.6,1.9,29,2,11,68.2
2021-04-02,29.3,2.1,21,3,12,70.5
2021-04-03,28.1,3.6,19,8,19,76.0
2021-04-04,28.4,2.2,18,5,16,70.6
2021-04-05,28.4,4.6,19,5,12,63.9
2021-04-06,27.6,4.9,20,5,6,67.0
2021-04-07,29.0,7.3,25,4,10,69.3
2021-04-08,29.0,8.8,21,3,16,65.1
2021-04-09,28.9,5.6,22,2,8,65.7
2021-04-10,28.7,5.4,19,4,12,64.2
2021-04-11,27.8,5.6,25,8,12,73.8
2021-04-12,28.6,5.8,21,7,14,74.8
2021-04-13,28.7,5.7,26,7,9,71.0
2021-04-14,28.4,7.2,20,7,11,76.0
2021-04-15,29.0,7.3,25,5,8,61.2
2021-04-16,29.5,17.0,23,4,10,69.2
2021-04-17,30.7,9.7,28,8,14,67.0
2021-04-18,29.3,8.9,31,3,16,67.2
2021-04-19,29.4,10.6,22,4,21,77.9
2021-04-20,29.2,8.9,27,2,10,63.6
2021-04-21,27.8,10.6,20,5,14,66.3
2021-04-22,29.3,12.2,22,3,13,79.4
2021-04-23,29.4,11.7,23,7,15,70.4
2021-04-24,31.4,11.6,25,2,16,74.3
2021-04-25,29.3,25.7,22,7,11,68.5
2021-04-26,29.7,17.2,21,3,13,67.5
2021-04-27,29.5,14.1,25,6,11,75.4
2021-04-28,28.6,14.1,26,1,10,72.7
2021-04-29,30.5,14.9,25,3,8,63.4
2021-04-30,30.2,13.0,24,4,11,68.5
2021-05-01,30.2,14.2,22,1,9,64.8
2021-05-02,28.9,13.2,23,5,10,67.9
2021-05-03,30.8,15.4,24,2,4,68.6
2021-05-04,28.6,16.2,27,3,13,73.8
2021-05-05,30.2,14.9,26,5,10,79.1
2021-05-06,31.5,24.5,27,4,12,73.0
2021-05-07,28.9,22.1,37,7,10,78.8
2021-05-08,29.3,19.1,33,2,9,67.7
2021-05-09,29.9,17.8,30,8,14,74.4
2021-05-10,29.4,22.0,31,0,13,73.3
2021-05-11,28.6,16.6,29,2,6,68.2
2021-05-12,29.9,21.2,34,1,13,75.3
2021-05-13,29.0,17.3,28,4,7,73.5
2021-05-14,30.2,21.9,29,2,23,79.2
2021-05-15,29.1,18.5,34,7,17,79.1
2021-05-16,31.1,24.1,41,6,19,75.7
2021-05-17,29.3,26.7,38,6,15,78.1
2021-05-18,29.7,18.9,33,3,17,79.8
2021-05-19,30.6,20.5,32,2,11,77.1
2021-05-20,29.0,30.8,37,3,16,69.5
2021-05-21,30.1,21.2,29,4,11,70.3
2021-05-22,31.0,25.5,33,7,16,76.4
2021-05-23,28.7,22.4,37,5,11,69.0
2021-05-24,30.1,21.4,34,3,9,68.7
2021-05-25,30.2,21.3,34,2,9,72.8
2021-05-26,30.6,21.2,35,5,17,85.7
2021-05-27,29.0,25.1,40,6,16,73.5
2021-05-28,28.9,22.5,41,5,14,79.0
2021-05-29,30.4,23.4,35,7,14,77.7
2021-05-30,30.2,23.5,34,6,8,73.9
2021-05-31,30.2,24.3,39,5,16,81.5
2021-06-01,30.3,27.9,31,5,17,85.1
2021-06-02,29.5,34.0,36,1,11,71.9
2021-06-03,30.2,23.9,35,1,10,76.1
2021-06-04,30.2,27.8,40,3,15,75.3
2021-06-05,29.4,27.0,40,5,9,72.7
2021-06-06,31.5,25.4,44,6,16,74.3
2021-06-07,30.4,32.4,46,2,12,80.7
2021-06-08,29.0,23.9,34,2,12,72.4
2021-06-09,30.5,23.7,39,2,13,76.7
2021-06-10,29.2,29.3,51,5,10,79.7
2021-06-11,30.6,25.4,40,8,16,86.4
2021-06-12,30.9,29.4,42,3,14,75.6
2021-06-13,29.3,30.6,39,4,15,70.7
2021-06-14,30.7,24.2,38,2,9,68.8
2021-06-15,30.2,30.6,35,1,14,73.3
2021-06-16,30.5,26.0,40,3,14,80.0
2021-06-17,31.4,26.5,46,3,9,83.9
2021-06-18,29.7,27.4,42,6,10,80.2
2021-06-19,29.2,32.4,43,7,12,81.7
2021-06-20,29.1,24.7,42,8,18,75.5
2021-06-21,29.2,26.6,43,2,11,83.6
2021-06-22,29.7,28.2,44,7,15,86.2
2021-06-23,30.0,28.7,49,7,14,84.8
2021-06-24,30.0,28.4,43,7,16,83.4
2021-06-25,30.4,25.3,43,4,19,78.2
2021-06-26,29.7,26.0,49,0,12,68.8
2021-06-27,30.9,26.3,43,4,13,82.7
2021-06-28,29.5,29.9,50,2,23,81.3
2021-06-29,31.8,26.0,43,1,9,69.3
2021-06-30,30.1,25.7,40,8,13,79.6
2021-07-01,28.9,34.5,47,4,11,74.5
2021-07-02,28.7,25.0,43,5,12,79.6
2021-07-03,29.9,43.4,44,8,12,83.6
2021-07-04,29.3,28.3,45,6,17,77.9
2021-07-05,30.1,30.2,40,10,9,76.8
2021-07-06,29.8,25.9,45,1,9,75.3
2021-07-07,29.4,24.9,46,1,15,77.8
2021-07-08,28.7,28.8,46,1,15,82.1
2021-07-09,28.1,30.1,44,2,12,74.9
2021-07-10,29.0,28.7,47,2,13,73.3
2021-07-11,30.0,25.0,40,6,14,76.3
2021-07-12,29.4,28.7,45,3,12,78.5
2021-07-13,28.2,28.8,45,8,10,80.9
2021-07-14,29.3,27.5,42,7,7,76.3
2021-07-15,29.5,28.6,49,3,12,72.2
2021-07-16,28.4,29.7,47,0,11,72.7
2021-07-17,29.2,26.8,42,5,3,72.8
2021-07-18,29.1,24.1,46,8,10,82.3
2021-07-19,28.1,25.7,45,4,16,79.9
2021-07-20,29.3,23.8,45,9,14,91.2
2021-07-21,29.4,25.0,43,5,12,79.6
2021-07-22,29.8,24.8,52,5,14,78.8
2021-07-23,29.7,23.3,46,7,8,74.0
2021-07-24,27.7,24.2,56,4,13,84.7
2021-07-25,28.0,23.1,44,9,11,78.5
2021-07-26,29.1,27.5,51,3,9,73.8
2021-07-27,29.1,31.2,42,6,14,72.7
2021-07-28,29.0,22.4,41,4,11,75.8
2021-07-29,31.7,31.3,44,6,9,81.1
2021-07-30,29.0,24.0,46,5,7,75.1
2021-07-31,29.4,22.6,45,9,15,78.5
2021-08-01,29.2,21.6,44,6,9,73.3
2021-08-02,28.9,23.2,48,6,13,88.3
2021-08-03,28.1,25.6,44,2,11,70.8
2021-08-04,28.9,24.3,46,3,5,72.0
2021-08-05,27.7,20.6,49,2,15,85.4
2021-08-06,28.0,20.4,49,4,8,80.5
2021-08-07,27.8,21.5,42,8,10,78.4
2021-08-08,28.2,20.7,41,5,10,71.4
2021-08-09,29.9,20.2,44,2,16,79.5
2021-08-10,26.5,20.1,44,3,11,75.4
2021-08-11,28.5,23.7,40,8,11,78.2
2021-08-12,26.6,26.5,41,7,11,76.6
2021-08-13,27.5,19.8,39,3,10,78.3
2021-08-14,28.7,25.0,45,8,15,81.6
2021-08-15,27.8,18.8,37,2,11,90.6
2021-08-16,26.9,19.3,43,4,10,93.4
2021-08-17,27.1,17.8,50,6,16,99.4
2021-08-18,28.2,19.8,40,3,11,84.3
2021-08-19,27.0,28.0,52,4,6,83.7
2021-08-20,27.7,18.8,42,3,20,84.6
2021-08-21,27.5,17.0,39,10,5,74.6
2021-08-22,26.9,18.5,39,10,12,79.0
2021-08-23,29.1,15.4,43,1,11,76.2
2021-08-24,27.8,21.3,41,6,11,75.5
2021-08-25,25.7,16.4,43,2,8,68.9
2021-08-26,27.4,15.8,41,1,14,80.4
2021-08-27,26.7,16.3,37,4,12,77.8
2021-08-28,27.8,16.2,38,6,12,73.7
2021-08-29,26.4,13.1,38,4,13,83.0
2021-08-30,26.9,16.0,36,4,8,67.6
2021-08-31,27.4,13.0,37,2,9,76.9
2021-09-01,27.6,15.5,38,4,11,76.3
2021-09-02,25.9,16.6,46,3,13,82.8
2021-09-03,26.6,15.9,39,2,12,75.9
2021-09-04,26.4,13.0,44,5,12,69.1
2021-09-05,26.2,12.4,37,7,9,74.9
2021-09-06,28.1,10.3,36,5,10,77.9
2021-09-07,26.9,13.9,36,7,10,70.0
2021-09-08,25.6,10.0,37,4,9,83.0
2021-09-09,27.2,10.7,47,5,11,82.3
2021-09-10,28.2,9.2,37,5,13,81.5
2021-09-11,27.2,8.3,36,7,9,69.6
2021-09-12,25.1,10.4,37,8,13,80.9
2021-09-13,25.9,7.2,31,1,9,74.3
2021-09-14,27.3,10.7,38,4,6,74.9
2021-09-15,25.6,7.3,34,3,12,74.9
2021-09-16,26.5,5.8,35,2,20,75.5
2021-09-17,26.7,7.5,41,3,13,77.2
2021-09-18,25.3,5.1,36,6,7,70.0
2021-09-19,26.0,5.5,35,5,15,77.6
2021-09-20,23.4,7.8,34,6,11,74.3
2021-09-21,25.1,3.8,30,1,15,75.5
2021-09-22,25.7,8.7,34,2,16,73.0
2021-09-23,24.8,2.8,31,2,10,70.7
2021-09-24,27.1,3.2,37,5,12,80.8
2021-09-25,24.6,6.0,33,5,11,69.5
2021-09-26,25.3,2.6,30,9,10,77.7
2021-09-27,25.7,1.4,31,6,12,79.6
2021-09-28,26.7,2.0,29,5,13,75.1
2021-09-29,24.4,1.2,31,4,13,80.4
2021-09-30,26.4,5.5,28,2,11,71.6
2021-10-01,25.5,1.1,32,6,6,78.5
2021-10-02,24.6,4.7,26,4,7,73.6
2021-10-03,25.7,6.7,26,7,9,70.0
2021-10-04,25.5,1.7,25,9,14,82.4
2021-10-05,24.8,7.2,31,3,13,72.2
2021-10-06,25.3,1.4,24,4,8,66.2
2021-10-07,24.9,10.0,21,6,9,71.4
2021-10-08,25.2,0.3,29,1,13,66.4
2021-10-09,25.6,3.5,27,6,10,67.1
2021-10-10,26.3,2.0,26,8,16,78.7
2021-10-11,24.0,1.5,30,5,7,71.0
2021-10-12,26.7,3.0,25,2,14,75.0
2021-10-13,23.4,3.7,28,3,15,76.1
2021-10-14,24.8,0.0,24,4,11,79.7
2021-10-15,25.4,0.5,24,6,10,76.0
2021-10-16,25.1,3.7,27,4,9,72.6
2021-10-17,24.3,3.3,23,6,10,71.1
2021-10-18,24.6,10.1,19,6,23,81.2
2021-10-19,24.3,4.3,20,1,9,71.1
2021-10-20,24.2,9.0,17,1,8,67.4
2021-10-21,25.4,3.6,25,4,15,75.9
2021-10-22,24.9,1.1,19,1,13,69.3
2021-10-23,24.1,0.3,28,5,14,74.8
2021-10-24,25.3,4.6,29,11,10,74.5
2021-10-25,24.8,3.1,21,1,18,69.4
2021-10-26,25.2,0.1,23,4,11,77.7
2021-10-27,25.0,1.3,19,4,6,75.1
2021-10-28,23.8,9.4,26,5,9,69.3
2021-10-29,24.0,2.1,19,3,11,66.9
2021-10-30,25.0,1.7,22,5,14,75.2
2021-10-31,24.9,1.8,22,11,13,78.8
2021-11-01,24.3,0.7,24,3,14,75.8
2021-11-02,24.4,1.4,24,4,15,78.4
2021-11-03,25.3,1.4,21,3,15,71.7
2021-11-04,23.8,0.2,20,1,13,70.3
2021-11-05,24.7,4.4,21,11,16,83.1
2021-11-06,24.1,1.6,21,7,14,69.1
2021-11-07,24.1,5.2,26,7,17,77.4
2021-11-08,25.1,5.7,32,4,13,81.5
2021-11-09,24.8,0.7,24,8,18,79.8
2021-11-10,24.8,3.2,27,5,9,74.1
2021-11-11,25.2,1.9,20,2,15,72.2
2021-11-12,24.2,6.4,22,7,14,75.8
2021-11-13,24.7,0.7,20,5,13,72.2
2021-11-14,23.9,3.4,25,11,8,72.1
2021-11-15,24.4,2.8,25,5,15,81.8
2021-11-16,24.0,1.0,18,2,10,70.2
2021-11-17,24.1,0.4,25,3,16,71.1
2021-11-18,24.5,3.2,25,2,11,77.6
2021-11-19,23.4,4.0,17,2,12,69.2
2021-11-20,25.7,1.1,23,6,15,70.0
2021-11-21,23.2,3.1,21,10,14,80.4
2021-11-22,23.1,1.5,22,4,10,73.3
2021-11-23,24.9,3.7,20,5,17,68.9
2021-11-24,24.6,0.7,21,4,14,71.3
2021-11-25,24.5,6.6,17,5,16,75.4
2021-11-26,24.5,1.0,24,3,10,62.4
2021-11-27,24.0,1.4,20,6,7,67.4
2021-11-28,23.3,0.2,23,9,16,77.5
2021-11-29,24.1,0.4,25,2,9,64.9
2021-11-30,23.5,2.2,19,4,24,79.9
2021-12-01,24.8,0.9,21,4,13,72.9
2021-12-02,23.9,5.4,21,4,10,66.3
2021-12-03,23.3,0.0,29,5,13,80.5
2021-12-04,23.8,1.4,21,5,10,71.6
2021-12-05,24.3,1.2,22,7,6,67.2
2021-12-06,23.6,0.1,22,3,10,69.6
2021-12-07,23.4,0.4,20,1,12,71.6
2021-12-08,24.2,1.6,19,3,15,71.6
2021-12-09,24.2,2.0,25,3,19,69.1
2021-12-10,23.6,1.6,27,3,12,75.3
2021-12-11,23.7,2.3,23,5,10,65.7
2021-12-12,24.3,2.7,21,11,10,73.3
2021-12-13,22.9,0.0,22,6,9,79.0
2021-12-14,23.0,1.9,24,5,15,75.8
2021-12-15,23.5,9.9,20,4,14,73.3
2021-12-16,23.9,2.2,27,3,13,76.1
2021-12-17,24.4,3.4,25,4,13,76.5
2021-12-18,25.3,1.1,22,5,14,67.4
2021-12-19,24.8,4.5,19,10,12,74.1
2021-12-20,24.1,4.4,21,6,7,71.8
2021-12-21,24.2,2.2,24,4,10,73.4
2021-12-22,23.4,11.2,20,3,7,69.2
2021-12-23,24.2,0.4,23,7,13,87.5
2021-12-24,24.0,0.1,19,4,8,64.7
2021-12-25,24.5,4.4,21,7,10,74.6
2021-12-26,23.6,4.9,19,6,17,77.8
2021-12-27,24.7,0.4,20,1,10,69.7
2021-12-28,25.6,0.9,18,4,9,67.1
2021-12-29,24.3,0.1,21,1,12,75.9
2021-12-30,24.7,1.0,22,3,10,61.9
2021-12-31,25.0,4.5,21,8,12,74.3
2022-01-01,24.1,2.2,23,6,17,79.2
2022-01-02,24.7,1.3,23,9,13,73.9
2022-01-03,24.5,1.4,21,7,11,81.7
2022-01-04,24.6,0.0,22,3,18,69.4
2022-01-05,23.9,1.1,31,3,10,69.4
2022-01-06,24.6,3.1,20,9,9,73.9
2022-01-07,25.0,11.0,23,3,19,78.1
2022-01-08,25.8,5.6,23,6,13,71.3
2022-01-09,25.5,0.1,21,11,11,73.8
2022-01-10,26.4,6.9,27,8,20,89.7
2022-01-11,24.1,4.6,21,5,7,76.9
2022-01-12,25.5,4.5,27,6,11,74.8
2022-01-13,25.0,1.8,20,9,11,70.4
2022-01-14,26.6,1.5,20,0,15,61.2
2022-01-15,24.3,1.1,23,1,10,65.9
2022-01-16,24.3,0.2,25,9,17,81.3
2022-01-17,24.5,0.8,23,3,10,71.4
2022-01-18,23.3,0.8,20,3,6,67.4
2022-01-19,24.6,2.0,18,3,12,67.4
2022-01-20,24.5,4.1,22,4,8,73.4
2022-01-21,25.3,1.9,23,2,25,85.8
2022-01-22,25.4,0.2,19,8,9,61.8
2022-01-23,26.7,9.5,19,6,13,70.6
2022-01-24,26.0,8.6,17,6,9,67.9
2022-01-25,24.8,4.6,24,3,11,66.2
2022-01-26,24.6,14.2,21,7,22,77.6
2022-01-27,25.8,2.4,21,2,11,71.6
2022-01-28,24.4,9.9,29,3,14,77.4
2022-01-29,26.9,0.2,23,9,10,79.7
2022-01-30,26.5,1.4,19,9,14,74.9
2022-01-31,25.2,0.8,27,5,12,69.1
2022-02-01,24.2,0.7,23,4,12,72.7
2022-02-02,26.7,0.5,21,2,14,66.4
2022-02-03,25.6,2.9,23,4,13,69.4
2022-02-04,26.7,4.6,19,6,13,77.4
2022-02-05,24.5,2.6,22,9,11,75.0
2022-02-06,25.4,0.5,17,3,7,65.8
2022-02-07,25.9,5.0,24,1,11,68.7
2022-02-08,26.0,3.0,19,6,10,76.4
2022-02-09,25.6,1.5,23,5,9,71.3
2022-02-10,26.5,3.4,23,1,16,77.3
2022-02-11,25.2,0.9,22,5,7,72.8
2022-02-12,26.0,1.3,21,6,11,69.8
2022-02-13,26.3,7.5,25,2,10,67.9
2022-02-14,26.6,1.0,28,6,17,80.6
2022-02-15,26.9,1.9,26,6,16,85.8
2022-02-16,25.4,6.6,34,3,13,78.1
2022-02-17,25.2,3.7,23,5,18,78.5
2022-02-18,27.5,0.2,31,6,10,76.6
2022-02-19,26.8,0.5,19,1,14,69.7
2022-02-20,25.9,0.0,19,9,12,76.7
2022-02-21,27.8,3.0,24,6,19,79.5
2022-02-22,26.7,1.8,20,8,15,74.3
2022-02-23,27.6,0.4,20,6,6,67.8
2022-02-24,26.8,9.5,23,2,8,68.5
2022-02-25,28.4,2.3,22,3,12,77.8
2022-02-26,28.2,0.8,26,5,10,69.8
2022-02-27,26.7,2.1,23,6,10,68.5
2022-02-28,27.7,3.4,26,1,17,67.6
2022-03-01,27.5,0.2,21,5,11,79.7
2022-03-02,28.1,1.0,21,2,15,75.1
2022-03-03,26.3,4.9,23,6,12,79.3
2022-03-04,27.7,1.8,21,2,7,71.9
2022-03-05,28.1,2.4,19,6,13,70.7
2022-03-06,25.9,1.7,29,5,21,78.9
2022-03-07,26.4,0.1,19,3,12,77.4
2022-03-08,25.7,0.5,17,3,13,72.1
2022-03-09,27.2,1.8,27,5,6,75.2
2022-03-10,28.0,0.7,24,1,17,77.5
2022-03-11,28.7,0.2,19,5,11,75.7
2022-03-12,27.6,5.6,20,9,11,73.3
2022-03-13,28.9,11.9,24,5,11,70.7
2022-03-14,26.6,4.7,23,5,16,80.6
2022-03-15,26.4,5.8,21,6,13,79.2
2022-03-16,27.7,0.8,18,2,11,74.2
2022-03-17,28.1,9.7,30,8,10,81.9
2022-03-18,27.8,0.7,19,7,8,75.9
2022-03-19,26.3,9.1,22,10,18,78.1
2022-03-20,27.9,15.8,23,9,13,73.9
2022-03-21,27.0,3.7,24,5,7,75.7
2022-03-22,28.6,11.9,20,5,8,69.5
2022-03-23,28.4,2.5,19,9,12,78.1
2022-03-24,27.4,0.9,23,2,11,76.8
2022-03-25,27.8,1.7,21,1,9,73.2
2022-03-26,27.4,2.7,22,6,15,75.0
2022-03-27,28.2,0.2,21,7,18,75.2
2022-03-28,29.1,2.9,19,3,12,71.2
2022-03-29,27.6,11.9,20,4,16,79.0
2022-03-30,28.8,0.6,22,1,16,72.8
2022-03-31,28.1,4.7,21,2,14,70.3
2022-04-01,27.9,7.6,22,2,9,74.7
2022-04-02,28.5,9.5,23,8,12,75.3
2022-04-03,27.8,11.0,28,7,16,75.4
2022-04-04,28.2,3.9,23,7,12,79.4
2022-04-05,27.7,13.5,24,0,15,75.9
2022-04-06,30.3,6.8,22,4,18,73.5
2022-04-07,28.8,3.5,27,4,15,76.7
2022-04-08,28.3,5.4,21,4,15,74.4
2022-04-09,29.0,7.7,28,6,10,74.8
2022-04-10,28.8,5.1,34,9,17,85.2
2022-04-11,28.8,7.8,23,1,14,70.0
2022-04-12,29.5,8.4,29,5,18,75.1
2022-04-13,29.6,6.1,27,2,18,81.2
2022-04-14,28.6,8.5,21,6,15,73.2
2022-04-15,28.6,10.8,21,6,12,76.9
2022-04-16,28.9,8.9,21,4,18,72.7
2022-04-17,27.3,7.2,22,8,19,79.3
2022-04-18,28.0,7.7,21,2,16,80.5
2022-04-19,30.3,9.4,32,5,13,91.4
2022-04-20,30.6,16.3,18,4,10,64.9
2022-04-21,29.1,9.6,23,4,15,80.1
2022-04-22,29.8,12.3,26,4,13,75.4
2022-04-23,29.6,10.4,28,7,6,76.1
2022-04-24,31.9,11.2,33,4,15,79.6
2022-04-25,30.3,16.1,24,2,15,80.0
2022-04-26,29.4,14.7,35,3,16,81.1
2022-04-27,28.7,11.5,26,3,16,73.3
2022-04-28,28.2,13.3,25,3,11,77.2
2022-04-29,29.7,12.1,28,5,17,80.8
2022-04-30,29.0,14.3,25,6,1,65.9
2022-05-01,28.5,16.0,24,4,10,67.7
2022-05-02,29.1,13.5,28,3,14,80.4
2022-05-03,28.8,14.5,27,1,19,83.2
2022-05-04,31.0,15.3,24,2,14,69.1
2022-05-05,30.4,21.7,29,4,11,78.5
2022-05-06,29.7,29.5,27,3,12,73.4
2022-05-07,30.9,15.0,27,9,7,68.6
2022-05-08,29.8,19.5,23,5,10,71.1
2022-05-09,29.1,16.9,30,1,14,71.6
2022-05-10,31.0,17.4,30,5,14,73.0
2022-05-11,30.3,20.4,32,4,17,77.6
2022-05-12,29.0,24.1,29,3,13,72.1
2022-05-13,29.7,25.9,32,3,11,73.5
2022-05-14,29.2,19.8,31,4,12,68.1
2022-05-15,28.8,18.8,32,5,22,79.3
2022-05-16,30.6,22.4,36,4,14,77.5
2022-05-17,31.4,19.0,34,5,16,83.5
2022-05-18,28.8,20.9,30,6,7,78.7
2022-05-19,30.4,20.0,32,3,10,76.6
2022-05-20,29.4,22.2,34,2,14,76.6
2022-05-21,29.6,20.1,35,6,12,76.1
2022-05-22,29.5,20.1,33,6,13,73.7
2022-05-23,29.3,27.3,32,4,17,77.6
2022-05-24,30.0,20.4,36,6,8,81.9
2022-05-25,29.3,22.4,34,4,6,68.0
2022-05-26,30.2,21.3,37,3,5,74.0
2022-05-27,30.0,20.9,45,6,10,82.2
2022-05-28,29.8,21.1,36,3,14,77.8
2022-05-29,29.3,21.8,36,5,10,69.5
2022-05-30,29.5,27.5,38,5,12,81.2
2022-05-31,30.6,22.7,32,2,13,77.7
2022-06-01,30.4,30.9,38,6,9,72.8
2022-06-02,29.2,24.7,40,7,8,77.4
2022-06-03,30.1,24.0,43,4,12,81.5
2022-06-04,30.6,25.1,38,6,8,77.9
2022-06-05,28.7,24.9,34,4,16,77.8
2022-06-06,30.4,27.1,42,6,12,86.0
2022-06-07,29.4,24.0,34,1,13,71.7
2022-06-08,30.4,24.5,38,3,13,73.3
2022-06-09,29.4,30.1,38,3,14,80.6
2022-06-10,28.5,32.3,39,4,11,75.0
2022-06-11,28.6,30.3,37,6,14,75.7
2022-06-12,30.0,25.4,38,6,12,82.1
2022-06-13,30.1,28.5,44,7,12,86.3
2022-06-14,29.2,26.0,37,6,10,78.6
2022-06-15,30.4,26.2,40,6,12,80.3
2022-06-16,28.6,24.9,41,8,11,87.5
2022-06-17,29.8,27.0,40,7,14,86.3
2022-06-18,28.9,25.1,40,9,14,78.8
2022-06-19,29.3,25.7,43,3,15,70.9
2022-06-20,29.9,30.4,45,6,13,93.0
2022-06-21,29.1,25.4,37,2,11,72.2
2022-06-22,29.5,25.0,47,11,8,90.8
2022-06-23,30.6,25.0,43,4,13,88.7
2022-06-24,29.3,33.3,40,2,11,78.8
2022-06-25,30.4,27.0,41,8,19,83.5
2022-06-26,28.8,26.5,42,6,8,71.8
2022-06-27,30.1,30.0,44,2,13,75.1
2022-06-28,30.8,30.4,43,2,11,80.8
2022-06-29,27.7,26.2,39,1,13,83.8
2022-06-30,29.0,28.5,48,3,15,83.0
2022-07-01,30.1,29.4,48,2,13,80.0
2022-07-02,29.4,28.2,45,3,10,79.3
2022-07-03,29.8,25.5,42,12,8,81.4
2022-07-04,29.0,31.2,43,5,15,86.1
2022-07-05,29.5,27.2,44,6,7,81.9
2022-07-06,29.3,25.9,47,2,8,77.3
2022-07-07,30.4,26.5,42,7,12,85.1
2022-07-08,29.6,24.9,45,3,8,86.4
2022-07-09,29.6,25.1,43,3,13,80.1
2022-07-10,29.0,29.0,43,11,16,92.7
2022-07-11,28.9,24.6,48,4,16,82.7
2022-07-12,28.9,26.1,42,4,14,87.5
2022-07-13,29.5,26.6,42,2,10,81.0
2022-07-14,28.9,24.5,42,2,10,72.5
2022-07-15,29.4,35.0,50,4,18,90.5
2022-07-16,30.8,24.9,43,10,16,85.2
2022-07-17,29.8,25.1,43,7,8,73.0
2022-07-18,28.8,24.9,49,4,11,84.3
2022-07-19,30.0,24.5,47,3,16,87.1
2022-07-20,28.6,23.6,43,7,8,83.8
2022-07-21,27.3,27.3,44,4,9,80.4
2022-07-22,28.1,33.5,50,3,18,85.9
2022-07-23,27.3,23.9,46,3,15,89.9
2022-07-24,28.5,26.2,44,3,10,71.7
2022-07-25,28.8,26.8,47,2,12,85.0
2022-07-26,30.1,28.2,46,1,11,79.6
2022-07-27,28.9,24.0,44,4,9,77.5
2022-07-28,28.5,23.3,45,4,16,85.3
2022-07-29,29.3,23.2,39,5,10,75.3
2022-07-30,26.8,25.5,44,4,15,78.2
2022-07-31,28.7,26.7,45,5,9,78.2
2022-08-01,29.1,22.0,44,3,15,77.3
2022-08-02,27.2,22.5,46,3,13,85.0
2022-08-03,29.3,27.9,45,5,11,79.8
2022-08-04,28.6,25.6,40,3,13,75.1
2022-08-05,27.9,33.0,50,4,5,76.4
2022-08-06,28.7,24.4,42,7,14,91.3
2022-08-07,30.0,21.4,41,6,14,73.3
2022-08-08,28.3,22.3,42,4,8,81.5
2022-08-09,28.3,22.6,45,3,14,80.3
2022-08-10,27.7,19.3,44,2,14,80.5
2022-08-11,27.3,21.2,45,5,9,84.9
2022-08-12,28.6,22.2,50,6,13,90.0
2022-08-13,27.2,18.8,45,12,12,85.3
2022-08-14,27.9,22.5,44,4,12,73.5
2022-08-15,27.4,20.3,43,0,3,75.2
2022-08-16,28.1,26.5,43,3,11,83.1
2022-08-17,28.0,17.1,44,3,15,82.5
2022-08-18,28.5,17.6,40,9,10,87.6
2022-08-19,27.2,19.1,40,2,11,77.0
2022-08-20,27.3,17.1,43,5,11,75.8
2022-08-21,26.7,19.5,42,6,13,81.1
2022-08-22,27.1,19.7,40,4,13,84.3
2022-08-23,27.7,15.4,39,4,13,83.1
2022-08-24,27.9,16.9,46,3,16,87.0
2022-08-25,26.5,16.5,43,11,10,86.1
2022-08-26,27.9,15.4,50,3,12,90.3
2022-08-27,28.3,21.7,39,7,11,78.6
2022-08-28,27.5,18.5,39,3,10,74.5
2022-08-29,28.6,16.5,38,4,17,78.7
2022-08-30,26.4,16.3,38,4,13,80.8
2022-08-31,26.0,14.0,37,3,7,78.6
2022-09-01,25.5,19.4,38,4,12,84.0
2022-09-02,28.1,15.0,38,4,8,84.8
2022-09-03,27.3,14.9,36,6,8,78.2
2022-09-04,26.7,16.6,37,8,9,80.4
2022-09-05,26.9,11.2,39,7,14,84.1
2022-09-06,25.8,14.8,46,4,4,76.4
2022-09-07,28.6,10.1,33,7,13,87.1
2022-09-08,26.7,10.3,36,1,12,80.9
2022-09-09,26.6,9.9,36,7,12,79.4
2022-09-10,27.0,19.8,36,7,8,80.2
2022-09-11,26.8,13.7,39,4,11,79.4
2022-09-12,26.5,11.0,35,5,9,74.9
2022-09-13,25.7,10.9,31,3,15,81.5
2022-09-14,26.6,9.1,35,4,13,76.5
2022-09-15,27.7,15.0,32,6,14,72.7
2022-09-16,27.2,7.8,36,6,11,81.4
2022-09-17,27.4,6.8,39,10,14,86.3
2022-09-18,25.7,5.5,37,6,14,79.7
2022-09-19,25.2,9.1,37,3,11,90.6
2022-09-20,25.9,8.0,35,2,12,79.4
2022-09-21,26.0,5.1,35,4,10,79.5
2022-09-22,26.7,3.3,33,4,17,84.2
2022-09-23,24.5,8.3,32,4,18,80.9
2022-09-24,27.0,2.4,32,6,13,81.6
2022-09-25,25.6,5.6,39,2,19,81.0
2022-09-26,25.3,12.1,29,3,9,76.4
2022-09-27,24.8,2.8,33,5,12,78.1
2022-09-28,24.3,1.4,30,6,19,78.6
2022-09-29,26.2,3.9,30,5,12,77.6
2022-09-30,25.6,5.1,27,4,10,77.4
2022-10-01,24.4,2.4,36,13,16,87.1
2022-10-02,24.4,10.2,32,6,17,81.6
2022-10-03,25.1,0.2,32,8,11,82.1
2022-10-04,26.7,2.1,31,6,7,79.8
2022-10-05,25.1,3.8,29,9,12,79.8
2022-10-06,24.0,6.0,32,8,10,83.2
2022-10-07,25.0,0.6,29,1,13,72.9
2022-10-08,24.9,4.8,25,7,15,71.7
2022-10-09,23.0,2.4,28,8,14,78.8
2022-10-10,25.0,1.5,28,2,11,81.2
2022-10-11,24.8,0.4,27,8,15,77.9
2022-10-12,25.6,6.0,24,2,9,73.0
2022-10-13,26.4,0.5,23,6,12,81.5
2022-10-14,25.8,1.1,24,1,12,82.4
2022-10-15,24.7,1.0,20,7,11,71.8
2022-10-16,24.0,6.2,27,9,10,75.4
2022-10-17,26.9,3.4,31,1,14,72.2
2022-10-18,24.8,4.8,24,3,15,81.8
2022-10-19,24.8,0.9,23,3,16,74.0
2022-10-20,24.7,2.9,21,2,12,71.8
2022-10-21,24.8,2.5,27,2,9,66.2
2022-10-22,24.5,5.4,22,9,14,82.1
2022-10-23,24.2,7.1,29,10,12,85.6
2022-10-24,24.1,0.0,22,4,10,78.1
2022-10-25,24.5,3.4,23,7,5,68.9
2022-10-26,24.1,0.2,23,9,16,86.6
2022-10-27,23.9,2.4,20,3,8,65.0
2022-10-28,24.5,1.0,23,4,12,76.5
2022-10-29,24.2,1.1,24,3,17,75.4
2022-10-30,25.6,1.3,22,6,5,71.2
2022-10-31,22.3,2.9,22,9,14,84.8
2022-11-01,25.2,1.2,23,2,13,74.7
2022-11-02,25.3,4.0,24,13,15,80.6
2022-11-03,22.7,1.6,21,4,19,103.8
2022-11-04,24.0,0.2,20,5,19,98.0
2022-11-05,24.0,4.6,17,5,11,80.4
2022-11-06,23.1,1.0,24,3,11,75.1
2022-11-07,23.6,1.7,22,3,9,87.3
2022-11-08,23.3,3.5,24,3,13,87.4
2022-11-09,25.6,1.2,20,5,19,88.4
2022-11-10,24.9,0.2,23,4,16,79.9
2022-11-11,25.2,1.4,19,6,17,73.1
2022-11-12,24.7,8.7,22,5,15,80.4
2022-11-13,23.2,3.1,26,10,12,81.6
2022-11-14,23.7,3.3,20,5,13,75.6
2022-11-15,24.5,3.0,23,2,12,78.8
2022-11-16,23.1,0.7,21,3,13,78.7
2022-11-17,24.6,1.6,21,5,21,83.0
2022-11-18,23.9,4.2,25,3,18,79.9
2022-11-19,23.8,0.3,23,7,14,77.2
2022-11-20,24.6,1.0,18,9,8,76.6
2022-11-21,24.4,1.0,21,5,11,72.9
2022-11-22,23.7,1.7,20,2,13,75.6
2022-11-23,24.9,11.8,25,1,24,77.5
2022-11-24,23.1,0.2,23,5,11,82.4
2022-11-25,24.5,2.2,19,5,10,77.2
2022-11-26,24.5,0.6,24,7,16,75.9
2022-11-27,23.8,10.6,21,3,12,71.1
2022-11-28,24.3,0.4,20,4,12,72.1
2022-11-29,23.0,1.6,21,4,15,83.7
2022-11-30,24.7,4.0,23,1,20,84.6
2022-12-01,23.9,3.7,18,5,6,75.2
2022-12-02,23.6,1.6,24,3,12,82.1
2022-12-03,24.8,1.3,31,2,10,72.7
2022-12-04,23.4,1.5,23,3,20,79.4
2022-12-05,22.9,0.9,23,6,13,84.4
2022-12-06,22.8,0.7,21,1,16,75.1
2022-12-07,24.5,2.0,19,6,12,77.8
2022-12-08,23.0,0.9,22,2,11,77.3
2022-12-09,25.4,1.0,24,4,15,81.5
2022-12-10,22.4,3.2,19,4,19,72.5
2022-12-11,25.4,10.4,22,1,13,60.9
2022-12-12,24.2,2.8,19,6,6,73.2
2022-12-13,24.0,0.2,29,5,12,71.6
2022-12-14,23.7,0.2,27,1,14,72.1
2022-12-15,24.4,9.1,21,2,9,68.6
2022-12-16,24.1,1.1,18,3,14,72.9
2022-12-17,25.0,0.3,22,5,4,72.0
2022-12-18,24.2,2.7,26,9,11,82.9
2022-12-19,24.3,2.9,19,2,11,74.7
2022-12-20,23.9,3.1,19,4,20,82.8
2022-12-21,24.2,0.9,22,3,12,78.0
2022-12-22,24.5,0.0,23,4,8,64.5
2022-12-23,22.9,10.1,21,2,12,74.0
2022-12-24,23.2,0.9,21,6,6,63.6
2022-12-25,24.9,3.4,25,4,9,73.8
2022-12-26,24.4,3.7,19,7,13,71.0
2022-12-27,24.2,2.8,19,4,11,74.2
2022-12-28,24.4,1.1,23,2,15,78.7
2022-12-29,24.7,0.9,22,7,11,74.8
2022-12-30,24.0,2.7,19,5,14,81.7
2022-12-31,23.8,6.0,25,4,10,74.5
2023-01-01,24.6,8.8,28,4,9,74.4
2023-01-02,23.7,0.3,19,4,10,77.2
2023-01-03,24.8,0.5,22,3,10,72.9
2023-01-04,23.2,8.7,22,3,19,80.3
2023-01-05,25.4,4.0,25,2,16,77.9
2023-01-06,25.0,6.4,21,10,16,85.2
2023-01-07,24.8,0.7,21,9,17,78.1
2023-01-08,25.4,2.7,26,2,13,67.5
2023-01-09,26.0,3.6,21,2,10,71.6
2023-01-10,25.5,3.4,22,5,15,78.0
2023-01-11,23.3,1.6,26,4,17,78.2
2023-01-12,23.8,0.0,19,4,7,76.1
2023-01-13,24.3,2.6,28,5,21,80.6
2023-01-14,24.9,0.9,20,5,15,74.2
2023-01-15,25.3,1.8,25,8,8,80.5
2023-01-16,24.4,9.5,26,6,19,88.2
2023-01-17,25.1,1.5,24,5,10,82.2
2023-01-18,24.4,5.5,22,2,12,72.2
2023-01-19,24.6,0.6,19,2,18,80.3
2023-01-20,24.0,3.3,22,5,15,75.4
2023-01-21,24.4,11.3,26,6,13,75.9
2023-01-22,24.1,0.3,25,5,6,70.6
2023-01-23,24.4,0.0,23,7,9,76.4
2023-01-24,26.1,1.7,20,9,15,82.0
2023-01-25,24.5,0.3,27,7,12,79.9
2023-01-26,27.4,4.1,23,5,13,75.0
2023-01-27,25.8,7.4,23,4,12,80.6
2023-01-28,25.6,1.7,21,7,14,76.3
2023-01-29,24.8,0.9,22,3,11,72.0
2023-01-30,26.1,1.7,22,3,10,75.2
2023-01-31,25.1,3.9,20,11,10,82.9
2023-02-01,25.7,0.0,20,5,15,79.5
2023-02-02,27.7,2.7,19,1,14,72.5
2023-02-03,25.6,2.9,18,6,11,82.8
2023-02-04,26.7,3.0,24,7,4,75.2
2023-02-05,25.2,0.8,21,4,21,78.1
2023-02-06,25.8,3.8,34,7,14,83.9
2023-02-07,27.3,0.3,22,0,10,70.9
2023-02-08,25.4,0.7,23,7,8,79.9
2023-02-09,27.4,6.3,22,8,6,83.8
2023-02-10,26.6,4.0,22,6,17,76.7
2023-02-11,25.6,0.0,28,5,13,79.4
2023-02-12,26.6,0.9,17,6,19,82.2
2023-02-13,27.0,0.7,18,6,15,73.7
2023-02-14,26.7,0.9,22,0,12,71.9
2023-02-15,25.0,0.9,18,4,12,71.4
2023-02-16,25.8,0.2,23,5,10,79.0
2023-02-17,26.2,1.8,25,5,11,77.2
2023-02-18,26.4,4.0,23,6,18,78.7
2023-02-19,27.0,2.8,21,5,13,72.8
2023-02-20,26.7,3.4,22,1,13,77.3
2023-02-21,25.5,0.3,23,3,13,77.9
2023-02-22,26.9,9.1,19,6,14,80.4
2023-02-23,27.2,5.5,23,2,16,78.3
2023-02-24,27.2,4.9,22,2,16,79.6
2023-02-25,27.7,5.2,24,2,8,68.2
2023-02-26,27.5,8.1,20,6,11,80.9
2023-02-27,27.3,2.4,23,6,13,75.4
2023-02-28,26.9,0.7,20,5,14,71.9
2023-03-01,25.7,2.9,20,4,16,71.7
2023-03-02,27.4,4.1,26,1,10,65.8
2023-03-03,27.3,4.0,22,10,8,84.1
2023-03-04,27.4,2.2,19,1,5,66.9
2023-03-05,26.2,0.2,22,11,15,87.6
2023-03-06,26.4,1.4,22,3,14,73.1
2023-03-07,28.2,7.6,17,4,18,82.1
2023-03-08,27.3,2.6,19,3,7,72.3
2023-03-09,28.0,2.3,19,7,9,78.4
2023-03-10,27.5,0.9,23,5,13,81.8
2023-03-11,27.5,1.4,23,4,11,70.0
2023-03-12,28.3,6.8,21,5,11,83.8
2023-03-13,27.2,3.3,32,6,10,87.1
2023-03-14,27.7,4.6,20,2,14,73.5
2023-03-15,27.3,1.8,27,5,15,77.6
2023-03-16,27.4,3.0,25,7,9,79.5
2023-03-17,27.6,0.9,24,2,12,76.6
2023-03-18,28.0,3.7,27,6,15,83.4
2023-03-19,27.5,1.7,29,7,7,71.4
2023-03-20,29.0,1.8,24,1,11,75.3
2023-03-21,27.3,3.1,18,4,16,72.3
2023-03-22,27.9,8.3,23,6,13,82.3
2023-03-23,27.8,0.2,22,4,13,77.6
2023-03-24,29.3,5.2,26,4,13,87.2
2023-03-25,28.4,1.0,19,4,10,65.0
2023-03-26,29.1,1.8,21,8,8,80.6
2023-03-27,27.1,0.1,20,3,12,68.8
2023-03-28,28.6,1.1,30,6,24,84.4
2023-03-29,29.1,2.1,22,2,18,72.2
2023-03-30,28.5,0.2,18,4,13,77.7
2023-03-31,29.3,2.0,18,6,13,74.2
2023-04-01,28.1,8.3,19,5,11,67.6
2023-04-02,29.7,1.2,27,6,11,77.7
2023-04-03,30.5,5.6,26,3,5,75.4
2023-04-04,28.4,3.3,23,1,10,73.5
2023-04-05,28.3,5.3,20,4,7,73.2
2023-04-06,29.9,3.5,24,6,12,87.8
2023-04-07,30.0,3.5,22,2,9,74.1
2023-04-08,28.4,4.0,26,4,14,79.4
2023-04-09,28.5,4.1,23,2,12,72.3
2023-04-10,28.7,4.9,23,5,9,72.8
2023-04-11,27.9,8.0,23,3,21,84.4
2023-04-12,28.2,11.5,26,3,18,78.9
2023-04-13,28.2,10.6,20,5,19,81.9
2023-04-14,28.4,9.4,25,5,11,80.4
2023-04-15,29.1,6.7,22,9,15,73.2
2023-04-16,29.3,7.8,28,10,12,75.9
2023-04-17,30.4,8.3,23,3,11,79.9
2023-04-18,28.4,8.5,23,4,13,76.0
2023-04-19,30.0,10.2,24,6,15,79.9
2023-04-20,29.1,10.7,19,2,16,77.5
2023-04-21,29.3,10.2,25,0,15,74.6
2023-04-22,29.9,10.6,28,6,15,81.5
2023-04-23,28.5,14.9,18,6,12,74.3
2023-04-24,29.7,14.7,24,4,14,80.4
2023-04-25,29.6,11.5,18,4,11,72.9
2023-04-26,29.9,18.2,26,5,13,81.6
2023-04-27,29.7,20.4,18,6,12,83.0
2023-04-28,31.5,12.8,25,5,13,78.2
2023-04-29,29.0,13.3,28,8,9,82.1
2023-04-30,29.2,14.5,26,9,15,82.3
2023-05-01,29.1,21.2,21,1,13,77.7
2023-05-02,29.2,19.4,26,0,11,74.7
2023-05-03,29.1,13.8,33,3,16,82.8
2023-05-04,30.6,15.3,30,3,10,79.7
2023-05-05,30.8,16.6,28,9,15,92.1
2023-05-06,29.3,16.6,27,6,22,84.7
2023-05-07,29.1,15.5,24,3,9,73.6
2023-05-08,30.1,21.1,26,4,10,76.6
2023-05-09,29.3,18.9,30,7,18,93.9
2023-05-10,30.3,21.3,27,0,13,78.4
2023-05-11,30.0,22.1,31,2,10,78.0
2023-05-12,28.6,20.7,26,5,12,79.9
2023-05-13,31.1,18.6,33,2,10,78.3
2023-05-14,31.3,20.0,38,7,9,78.6
2023-05-15,29.4,18.0,33,4,14,75.9
2023-05-16,29.6,21.2,29,5,6,78.2
2023-05-17,30.1,18.7,35,4,13,87.9
2023-05-18,30.2,21.9,41,7,12,94.3
2023-05-19,30.5,19.5,36,4,8,80.1
2023-05-20,31.6,19.3,34,7,21,87.1
2023-05-21,29.8,19.8,35,10,13,87.8
2023-05-22,29.3,19.5,37,4,5,78.0
2023-05-23,28.9,23.6,40,2,11,83.6
2023-05-24,29.4,24.0,34,8,16,88.7
2023-05-25,30.0,22.5,31,2,8,80.6
2023-05-26,31.4,21.1,35,6,11,87.1
2023-05-27,29.6,21.0,37,9,12,88.1
2023-05-28,30.2,21.1,35,5,13,79.5
2023-05-29,30.0,21.8,35,6,12,92.5
2023-05-30,31.0,28.1,35,1,5,77.1
2023-05-31,32.0,22.5,38,2,11,81.9
2023-06-01,29.6,23.2,39,6,19,87.4
2023-06-02,29.6,22.4,37,4,10,81.8
2023-06-03,30.8,23.1,39,2,11,77.7
2023-06-04,30.5,24.7,42,4,10,76.8
2023-06-05,31.5,25.5,35,4,5,77.3
2023-06-06,30.5,23.7,37,4,9,80.9
2023-06-07,29.7,23.2,36,5,15,86.2
2023-06-08,30.4,24.7,39,6,19,83.5
2023-06-09,30.9,24.1,39,8,9,86.2
2023-06-10,30.6,24.2,35,8,11,81.0
2023-06-11,30.4,33.3,43,6,9,81.9
2023-06-12,30.8,26.7,38,3,11,86.3
2023-06-13,30.9,26.3,41,2,15,92.7
2023-06-14,31.0,25.6,40,7,10,89.4
2023-06-15,30.4,25.8,37,3,14,78.7
2023-06-16,29.8,26.6,41,3,11,81.8
2023-06-17,30.0,27.9,39,12,19,95.6
2023-06-18,30.8,28.1,38,8,16,88.6
2023-06-19,29.2,25.1,41,3,15,89.6
2023-06-20,30.1,26.7,45,2,9,82.0
2023-06-21,29.5,26.3,39,2,13,81.2
2023-06-22,29.8,30.9,43,4,14,93.9
2023-06-23,30.8,27.8,39,7,8,85.4
2023-06-24,29.9,27.1,38,3,14,76.0
2023-06-25,29.8,25.3,40,5,17,90.7
2023-06-26,28.6,27.7,46,6,7,80.0
2023-06-27,30.3,25.3,41,4,13,71.6
2023-06-28,30.2,26.2,42,2,12,86.3
2023-06-29,31.4,25.5,39,2,16,88.2
2023-06-30,29.4,28.5,40,6,10,87.4
2023-07-01,29.8,25.7,40,3,9,72.6
2023-07-02,29.8,26.5,52,6,17,89.9
2023-07-03,30.8,31.8,44,3,16,86.3
2023-07-04,29.4,25.6,41,4,11,82.3
2023-07-05,29.7,27.0,40,4,12,90.4
2023-07-06,29.9,26.5,45,1,18,82.6
2023-07-07,29.6,24.9,47,7,6,88.2
2023-07-08,29.0,29.5,44,6,17,92.2
2023-07-09,29.5,24.9,44,7,7,84.0
2023-07-10,30.2,26.6,42,4,9,88.7
2023-07-11,28.5,27.0,42,6,11,89.4
2023-07-12,29.4,27.5,43,6,17,92.8
2023-07-13,28.7,27.9,49,4,14,90.6
2023-07-14,30.1,25.2,45,5,11,89.5
2023-07-15,27.9,24.2,44,9,16,88.6
2023-07-16,28.7,27.9,41,3,11,74.3
2023-07-17,29.4,26.3,46,4,14,92.0
2023-07-18,30.3,29.3,42,9,12,95.7
2023-07-19,29.0,28.9,41,4,13,86.8
2023-07-20,28.5,29.1,43,3,9,103.5
2023-07-21,30.4,25.4,48,5,14,101.4
2023-07-22,27.7,24.5,46,5,14,99.4
2023-07-23,27.1,27.8,39,8,14,91.5
2023-07-24,29.2,24.7,49,3,16,91.8
2023-07-25,28.4,23.4,42,6,9,92.5
2023-07-26,27.9,28.4,45,2,17,89.5
2023-07-27,29.2,28.8,43,4,7,88.3
2023-07-28,28.8,24.1,44,5,9,88.1
2023-07-29,28.1,22.2,44,8,12,86.8
2023-07-30,27.5,23.3,40,6,11,75.8
2023-07-31,29.2,26.5,42,2,10,78.9
2023-08-01,29.0,28.3,44,2,12,81.0
2023-08-02,28.3,21.8,46,6,12,84.4
2023-08-03,29.8,21.1,49,4,10,85.7
2023-08-04,27.5,27.0,44,5,15,84.8
2023-08-05,27.1,21.9,44,2,16,82.0
2023-08-06,27.7,22.5,42,3,14,82.8
2023-08-07,28.1,30.2,41,7,16,87.8
2023-08-08,28.3,19.8,49,5,6,87.4
2023-08-09,27.9,22.5,49,8,7,84.2
2023-08-10,28.3,19.3,49,7,12,87.1
2023-08-11,27.0,20.2,45,1,17,86.1
2023-08-12,29.1,23.4,43,8,15,91.1
2023-08-13,27.8,19.9,42,3,11,83.6
2023-08-14,28.7,35.6,44,3,8,89.5
2023-08-15,28.1,20.1,42,7,15,89.5
2023-08-16,28.1,18.5,46,4,14,88.0
2023-08-17,28.1,17.8,47,3,16,84.8
2023-08-18,28.0,18.0,41,4,14,81.7
2023-08-19,28.1,17.8,39,3,9,78.9
2023-08-20,28.6,16.3,40,5,16,81.6
2023-08-21,27.6,17.1,44,4,12,91.5
2023-08-22,28.0,17.3,44,5,11,81.3
2023-08-23,27.3,18.9,42,2,7,82.7
2023-08-24,28.5,17.9,36,4,17,82.8
2023-08-25,26.7,18.0,43,4,9,81.2
2023-08-26,28.7,14.0,36,6,10,83.0
2023-08-27,27.1,14.4,41,10,10,84.3
2023-08-28,26.0,16.5,43,4,6,80.7
2023-08-29,27.2,14.9,39,7,7,82.0
2023-08-30,26.5,12.5,41,3,15,93.5
2023-08-31,27.6,17.1,32,0,6,72.1
2023-09-01,26.4,16.2,39,4,10,84.0
2023-09-02,26.5,13.8,37,8,11,83.3
2023-09-03,25.3,11.2,37,6,12,83.4
2023-09-04,26.4,15.0,53,1,8,81.8
2023-09-05,24.8,12.9,40,6,7,83.8
2023-09-06,25.4,14.4,38,3,16,87.6
2023-09-07,27.2,13.6,34,8,14,85.4
2023-09-08,27.2,13.9,38,4,13,89.7
2023-09-09,26.9,10.8,37,7,16,90.8
2023-09-10,25.7,8.7,35,9,9,85.8
2023-09-11,26.4,11.2,37,1,17,84.4
2023-09-12,26.4,10.3,35,4,12,71.7
2023-09-13,25.4,11.1,39,4,19,91.0
2023-09-14,27.5,7.2,32,7,12,84.4
2023-09-15,26.9,6.8,33,6,13,84.8
2023-09-16,26.0,12.4,30,7,11,73.1
2023-09-17,26.1,9.5,34,3,19,84.5
2023-09-18,26.2,12.1,38,2,16,79.2
2023-09-19,24.4,8.8,34,1,9,78.8
2023-09-20,25.8,6.8,26,5,15,87.1
2023-09-21,25.4,6.8,40,3,15,84.4
2023-09-22,25.1,9.8,32,3,13,87.1
2023-09-23,25.6,5.4,32,7,11,78.5
2023-09-24,27.2,5.4,33,6,13,84.3
2023-09-25,26.2,2.4,34,1,16,77.4
2023-09-26,25.2,3.4,31,4,14,87.8
2023-09-27,26.1,4.9,31,5,12,87.0
2023-09-28,26.7,1.6,34,10,14,93.2
2023-09-29,26.3,0.9,35,9,12,87.8
2023-09-30,25.5,1.1,28,4,14,73.0
2023-10-01,24.9,0.8,26,7,13,79.1
2023-10-02,26.0,0.7,27,7,18,92.4
2023-10-03,25.7,1.7,26,4,11,80.7
2023-10-04,26.0,7.2,32,6,14,80.0
2023-10-05,25.8,2.1,25,4,16,78.3
2023-10-06,26.1,0.6,22,5,9,83.7
2023-10-07,24.8,0.2,29,8,13,84.8
2023-10-08,26.2,3.6,34,5,12,75.8
2023-10-09,25.3,1.4,29,2,11,72.0
2023-10-10,26.7,5.2,29,7,9,80.9
2023-10-11,24.5,3.2,25,3,17,75.0
2023-10-12,26.4,4.8,26,4,16,82.6
2023-10-13,25.1,1.0,27,8,3,90.0
2023-10-14,24.4,3.5,27,2,16,71.0
2023-10-15,24.5,0.9,25,8,14,81.4
2023-10-16,24.6,8.4,19,0,11,78.7
2023-10-17,25.2,3.0,24,3,12,82.1
2023-10-18,25.2,1.2,22,4,11,78.3
2023-10-19,24.3,0.9,18,6,11,79.1
2023-10-20,24.7,0.6,23,7,18,82.1
2023-10-21,26.4,3.6,22,5,12,75.6
2023-10-22,26.0,0.7,19,9,19,85.2
2023-10-23,25.0,2.7,21,7,12,86.9
2023-10-24,24.6,0.9,24,4,11,77.2
2023-10-25,24.6,3.3,25,6,18,85.7
2023-10-26,25.0,5.1,21,1,10,70.9
2023-10-27,23.7,4.5,19,5,11,79.9
2023-10-28,24.3,4.3,21,6,13,81.2
2023-10-29,23.1,0.6,22,7,15,83.2
2023-10-30,24.7,0.3,21,3,14,74.7
2023-10-31,24.9,3.6,27,8,12,86.4
2023-11-01,24.0,1.4,22,4,15,78.7
2023-11-02,25.6,1.7,22,6,10,84.7
2023-11-03,23.3,0.1,17,5,9,76.6
2023-11-04,23.1,0.9,23,1,10,65.4
2023-11-05,24.4,0.1,24,5,10,75.4
2023-11-06,25.1,6.3,28,2,15,83.2
2023-11-07,25.6,0.8,23,5,14,83.3
2023-11-08,23.8,2.4,19,4,7,73.6
2023-11-09,25.1,0.1,19,9,11,81.2
2023-11-10,24.1,3.3,22,6,13,78.6
2023-11-11,24.0,1.2,23,9,17,83.0
2023-11-12,24.8,6.8,23,6,7,71.9
2023-11-13,24.6,6.6,23,5,14,86.3
2023-11-14,22.8,1.2,24,2,10,73.5
2023-11-15,25.3,6.9,26,2,21,84.9
2023-11-16,25.2,16.7,28,3,16,83.4
2023-11-17,23.6,5.2,28,4,6,82.1
2023-11-18,24.4,5.6,24,4,10,79.7
2023-11-19,24.4,0.9,19,4,10,76.4
2023-11-20,24.3,2.6,19,4,8,77.8
2023-11-21,23.6,0.2,23,7,17,82.3
2023-11-22,23.5,0.3,22,5,6,73.1
2023-11-23,24.0,20.4,24,0,17,75.8
2023-11-24,25.0,1.2,19,3,9,78.9
2023-11-25,24.4,4.1,22,11,10,82.7
2023-11-26,23.7,4.9,28,9,14,88.2
2023-11-27,24.6,5.9,24,4,8,82.2
2023-11-28,21.7,18.1,23,5,12,78.5
2023-11-29,24.9,0.8,24,1,7,74.4
2023-11-30,22.6,0.1,17,1,12,74.8
2023-12-01,23.7,1.6,23,1,10,74.5
2023-12-02,23.1,0.4,18,7,17,78.7
2023-12-03,23.0,0.1,25,7,13,85.6
2023-12-04,24.9,1.3,24,2,15,80.5
2023-12-05,23.6,4.6,19,3,12,77.9
2023-12-06,24.3,2.5,22,2,15,76.4
2023-12-07,24.0,1.1,37,2,14,87.0
2023-12-08,24.4,3.2,24,5,8,75.4
2023-12-09,24.1,0.8,29,2,11,77.5
2023-12-10,23.0,0.0,20,6,12,79.5
2023-12-11,24.9,4.3,23,6,14,82.1
2023-12-12,23.7,2.9,18,2,7,74.7
2023-12-13,22.8,4.3,23,6,12,83.4
2023-12-14,23.7,0.1,39,1,16,85.0
2023-12-15,25.3,5.4,21,1,19,80.7
2023-12-16,24.8,2.9,22,11,11,83.4
2023-12-17,23.9,2.5,30,5,10,79.3
2023-12-18,23.9,2.9,27,2,13,80.5
2023-12-19,23.9,6.0,37,4,10,79.8
2023-12-20,25.8,2.7,22,4,13,80.1
2023-12-21,24.5,2.6,21,4,10,79.6
2023-12-22,24.6,14.0,22,3,17,82.4
2023-12-23,25.1,4.2,20,4,17,82.3
2023-12-24,24.4,1.8,23,7,11,81.7
2023-12-25,24.1,3.7,22,4,10,75.5
2023-12-26,24.1,1.5,27,4,17,84.3
2023-12-27,24.3,0.8,30,3,9,78.9
2023-12-28,24.3,2.7,20,5,12,80.6
2023-12-29,25.0,7.9,19,8,18,87.2
2023-12-30,24.4,7.9,20,5,9,77.3
2023-12-31,25.0,1.3,17,6,16,79.8
2024-01-01,24.4,2.3,26,4,13,87.2
2024-01-02,24.5,0.7,22,5,7,79.3
2024-01-03,22.9,16.3,24,2,13,76.0
2024-01-04,25.3,11.9,23,2,13,77.2
2024-01-05,24.8,3.1,26,2,14,83.1
2024-01-06,25.4,4.9,23,8,12,74.6
2024-01-07,22.3,3.8,19,8,10,73.1
2024-01-08,26.3,2.7,24,3,10,78.8
2024-01-09,24.6,0.2,25,7,11,87.9
2024-01-10,25.6,1.8,23,3,8,82.4
2024-01-11,23.9,3.4,20,3,9,75.9
2024-01-12,25.3,3.4,34,4,8,86.4
2024-01-13,24.0,1.4,25,6,14,81.1
2024-01-14,24.4,8.5,21,11,12,77.6
2024-01-15,26.4,0.5,25,2,10,78.0
2024-01-16,24.8,2.1,20,8,14,82.8
2024-01-17,25.2,3.5,16,5,9,81.3
2024-01-18,25.7,3.6,26,2,9,77.7
2024-01-19,25.5,3.1,23,8,12,80.1
2024-01-20,25.2,1.0,28,5,16,76.0
2024-01-21,25.4,0.5,20,6,25,85.7
2024-01-22,27.1,3.0,22,5,16,74.3
2024-01-23,25.2,2.7,22,3,18,80.9
2024-01-24,25.4,0.6,38,3,11,85.3
2024-01-25,26.1,3.7,30,5,9,78.4
2024-01-26,26.2,1.8,23,4,13,85.4
2024-01-27,26.3,3.3,29,6,12,85.9
2024-01-28,25.9,5.4,23,2,9,68.8
2024-01-29,24.6,0.6,24,5,13,81.7
2024-01-30,26.8,0.1,21,7,12,87.5
2024-01-31,24.6,4.5,21,2,11,77.4
2024-02-01,25.9,2.8,21,1,18,74.9
2024-02-02,25.1,3.6,23,4,16,82.7
2024-02-03,25.7,5.5,20,5,13,74.2
2024-02-04,26.0,4.9,27,8,10,86.0
2024-02-05,26.1,9.7,20,4,15,84.1
2024-02-06,26.2,2.3,19,5,14,80.6
2024-02-07,27.2,2.0,25,5,14,84.5
2024-02-08,26.3,1.5,21,2,8,70.4
2024-02-09,25.8,0.5,23,7,12,81.3
2024-02-10,26.8,2.6,22,4,11,82.3
2024-02-11,27.0,1.0,23,1,15,75.7
2024-02-12,25.2,7.6,23,5,17,88.8
2024-02-13,26.7,2.6,20,1,14,78.8
2024-02-14,26.8,2.7,19,2,13,83.3
2024-02-15,26.0,1.3,23,5,10,73.0
2024-02-16,27.4,0.2,24,7,8,81.6
2024-02-17,26.3,0.1,23,6,11,85.2
2024-02-18,26.5,1.7,25,6,12,83.8
2024-02-19,26.3,0.3,26,4,15,89.2
2024-02-20,26.5,2.8,17,2,14,78.0
2024-02-21,25.7,6.4,25,3,16,81.0
2024-02-22,25.5,6.4,25,2,15,77.3
2024-02-23,28.0,3.2,22,4,10,75.2
2024-02-24,26.1,0.7,31,4,12,83.2
2024-02-25,26.0,6.0,24,6,20,86.6
2024-02-26,25.1,6.5,28,7,11,85.3
2024-02-27,26.4,0.7,18,4,13,82.1
2024-02-28,25.9,4.0,28,3,8,80.0
2024-02-29,28.3,1.0,19,3,13,83.1
2024-03-01,27.9,4.9,17,3,11,81.2
2024-03-02,26.6,17.7,24,3,12,72.2
2024-03-03,29.0,0.1,21,6,14,81.0
2024-03-04,28.0,6.8,23,3,20,78.3
2024-03-05,27.0,2.9,23,2,13,80.2
2024-03-06,25.3,10.9,21,5,17,87.1
2024-03-07,29.2,1.9,25,11,10,83.2
2024-03-08,26.3,5.6,19,3,14,78.3
2024-03-09,26.1,0.2,24,7,21,86.4
2024-03-10,28.3,1.2,22,2,13,76.3
2024-03-11,29.5,0.2,17,2,6,72.3
2024-03-12,28.7,11.1,26,8,10,80.9
2024-03-13,28.1,5.1,23,3,10,78.8
2024-03-14,28.2,5.7,28,1,11,72.6
2024-03-15,28.4,8.3,27,5,14,84.1
2024-03-16,28.4,0.3,19,4,15,76.0
2024-03-17,28.1,1.5,23,7,11,79.5
2024-03-18,28.0,0.2,27,1,10,76.0
2024-03-19,27.9,0.7,23,4,18,78.9
2024-03-20,27.4,0.8,21,5,7,77.3
2024-03-21,27.8,1.9,25,5,8,84.5
2024-03-22,26.8,0.9,24,4,12,86.8
2024-03-23,28.1,0.3,36,4,11,91.1
2024-03-24,27.4,0.5,18,8,12,86.8
2024-03-25,27.4,0.5,27,6,19,84.5
2024-03-26,28.4,10.8,24,9,10,84.5
2024-03-27,29.5,4.3,29,2,17,84.3
2024-03-28,29.1,10.3,23,4,10,79.9
2024-03-29,27.2,1.7,28,3,11,81.8
2024-03-30,27.7,1.0,19,7,11,88.4
2024-03-31,29.3,5.2,22,8,17,80.2
2024-04-01,27.8,2.0,19,1,11,73.4
2024-04-02,28.4,2.4,34,5,14,94.2
2024-04-03,29.1,2.5,25,2,11,77.0
2024-04-04,27.9,2.6,27,4,12,84.5
2024-04-05,28.8,3.5,24,3,9,83.1
2024-04-06,27.7,4.3,19,10,12,84.7
2024-04-07,28.3,6.8,20,4,7,74.3
2024-04-08,29.1,4.1,22,3,12,83.9
2024-04-09,27.6,5.0,19,9,15,83.9
2024-04-10,29.3,9.7,20,3,21,82.9
2024-04-11,29.0,5.6,20,2,13,81.1
2024-04-12,29.5,6.8,19,7,12,75.2
2024-04-13,29.2,12.0,17,1,14,79.1
2024-04-14,30.2,6.9,25,3,12,78.5
2024-04-15,29.2,7.1,18,2,7,75.3
2024-04-16,28.8,9.2,27,6,14,79.9
2024-04-17,29.3,8.7,25,2,12,75.0
2024-04-18,29.7,10.5,28,5,7,79.9
2024-04-19,29.3,13.3,23,7,18,91.8
2024-04-20,29.3,9.3,18,9,17,76.1
2024-04-21,28.8,11.9,24,2,13,79.6
2024-04-22,28.8,11.8,26,1,15,79.8
2024-04-23,28.3,10.5,27,5,12,83.3
2024-04-24,30.8,13.4,22,5,13,84.1
2024-04-25,28.5,11.8,19,4,14,82.6
2024-04-26,28.9,13.2,21,4,9,76.4
2024-04-27,28.9,11.8,26,6,16,85.9
2024-04-28,30.3,13.8,27,9,9,73.6
2024-04-29,29.3,13.4,23,5,14,82.3
2024-04-30,30.6,17.9,22,1,19,83.0
2024-05-01,29.1,13.3,31,6,15,87.2
2024-05-02,29.9,15.1,26,4,12,75.6
2024-05-03,29.0,15.7,28,3,10,84.3
2024-05-04,31.4,18.0,33,7,9,77.8
2024-05-05,28.8,17.1,24,5,13,79.6
2024-05-06,30.0,18.2,24,2,10,79.4
2024-05-07,30.3,19.7,27,4,9,81.5
2024-05-08,30.1,21.5,28,5,13,90.0
2024-05-09,29.7,17.0,26,1,21,84.8
2024-05-10,29.7,18.5,31,9,9,90.1
2024-05-11,29.9,22.0,30,7,10,82.2
2024-05-12,29.7,30.5,31,13,11,92.5
2024-05-13,30.6,23.8,32,3,15,91.4
2024-05-14,31.7,18.9,28,6,15,88.2
2024-05-15,29.5,18.4,36,5,8,88.3
2024-05-16,28.8,20.1,28,6,9,89.9
2024-05-17,29.9,22.4,33,10,13,98.1
2024-05-18,32.0,20.7,30,6,16,83.5
2024-05-19,29.3,20.9,30,6,6,83.2
2024-05-20,31.3,24.7,33,4,14,87.7
2024-05-21,31.3,20.9,38,6,13,94.5
2024-05-22,29.5,25.7,35,6,11,90.1
2024-05-23,30.4,21.6,38,3,21,92.7
2024-05-24,31.3,21.5,34,5,6,85.1
2024-05-25,29.7,22.4,35,7,17,89.6
2024-05-26,29.8,25.1,33,8,17,90.1
2024-05-27,29.5,21.4,38,0,9,80.5
2024-05-28,29.2,21.9,37,5,14,88.3
2024-05-29,29.5,30.5,42,5,14,98.1
2024-05-30,29.0,22.3,38,6,14,92.7
2024-05-31,30.0,24.4,33,6,9,83.7
2024-06-01,29.4,24.7,40,4,17,86.0
2024-06-02,30.2,24.3,46,4,14,91.6
2024-06-03,28.7,25.6,39,11,12,92.5
2024-06-04,30.3,23.5,34,4,14,81.3
2024-06-05,30.7,25.3,40,4,9,80.7
2024-06-06,28.4,24.4,41,3,10,79.3
2024-06-07,30.3,26.4,38,4,14,83.4
2024-06-08,30.9,23.8,38,6,4,76.1
2024-06-09,29.0,26.0,46,10,14,99.6
2024-06-10,31.3,24.3,40,3,15,88.7
2024-06-11,30.3,24.8,37,4,15,87.5
2024-06-12,29.4,24.6,42,3,17,85.0
2024-06-13,29.9,24.6,37,1,11,82.7
2024-06-14,30.4,29.4,38,3,13,80.1
2024-06-15,30.0,25.3,41,8,7,84.5
2024-06-16,30.3,32.2,42,6,15,97.2
2024-06-17,29.1,35.0,37,2,7,84.6
2024-06-18,30.0,27.1,43,3,10,86.2
2024-06-19,28.7,25.1,44,1,14,90.3
2024-06-20,29.7,26.1,38,3,13,85.0
2024-06-21,29.1,29.5,44,4,10,85.3
2024-06-22,29.2,26.2,40,8,9,93.7
2024-06-23,30.7,25.1,44,6,12,83.3
2024-06-24,30.6,27.3,43,3,13,87.4
2024-06-25,30.2,30.5,38,3,17,90.7
2024-06-26,28.8,29.7,47,7,17,93.3
2024-06-27,29.4,25.6,41,5,14,93.6
2024-06-28,30.6,28.3,42,3,18,90.3
2024-06-29,29.7,25.7,37,3,14,86.1
2024-06-30,31.4,25.7,40,5,12,87.8
2024-07-01,29.9,31.2,43,5,16,91.9
2024-07-02,29.7,25.8,47,9,17,106.2
2024-07-03,29.3,25.9,43,9,14,93.5
2024-07-04,29.6,24.9,43,3,17,96.7
2024-07-05,29.3,31.0,43,2,16,94.4
2024-07-06,30.0,29.6,42,8,17,99.6
2024-07-07,30.2,27.7,49,6,16,92.9
2024-07-08,28.7,28.9,54,6,14,93.6
2024-07-09,28.3,25.1,44,6,14,101.6
2024-07-10,27.8,26.4,41,1,19,88.4
2024-07-11,29.7,25.8,39,8,10,88.1
2024-07-12,28.3,24.7,49,6,8,90.7
2024-07-13,27.5,26.3,46,2,18,84.1
2024-07-14,29.5,31.8,42,7,13,91.2
2024-07-15,31.1,24.2,44,4,9,85.7
2024-07-16,29.1,25.0,46,6,7,88.7
2024-07-17,29.7,24.5,51,3,16,97.6
2024-07-18,29.1,24.5,39,4,13,91.3
2024-07-19,28.9,30.7,43,5,22,96.8
2024-07-20,29.7,25.3,42,6,13,88.7
2024-07-21,28.7,25.2,41,2,12,82.8
2024-07-22,29.1,27.4,46,4,15,90.8
2024-07-23,29.1,23.4,46,3,13,90.2
2024-07-24,28.2,24.8,49,3,12,92.6
2024-07-25,29.5,24.3,41,3,11,86.8
2024-07-26,28.5,25.1,45,5,8,90.7
2024-07-27,28.0,45.4,45,7,13,86.9
2024-07-28,29.0,26.4,44,1,10,79.1
2024-07-29,27.8,23.3,43,5,17,90.9
2024-07-30,28.5,26.9,45,1,9,83.0
2024-07-31,28.5,21.9,41,4,16,96.6
2024-08-01,29.3,21.2,49,6,17,99.9
2024-08-02,28.7,21.6,42,5,16,88.6
2024-08-03,28.3,21.9,44,13,15,99.5
2024-08-04,28.9,22.6,48,10,4,87.7
2024-08-05,29.3,23.0,41,4,8,83.9
2024-08-06,28.6,27.1,42,3,11,81.8
2024-08-07,28.1,21.8,40,10,13,99.8
2024-08-08,27.0,21.5,42,4,15,85.8
2024-08-09,27.2,19.3,52,6,11,94.4
2024-08-10,27.7,18.9,43,9,16,89.9
2024-08-11,27.5,20.9,40,6,8,87.7
2024-08-12,27.7,20.0,46,7,11,92.3
2024-08-13,27.9,23.4,43,5,9,88.6
2024-08-14,28.2,18.2,42,8,12,93.5
2024-08-15,27.7,17.4,44,5,14,93.7
2024-08-16,28.1,18.8,45,1,9,85.5
2024-08-17,27.7,17.5,64,9,14,99.8
2024-08-18,26.0,16.5,46,1,9,79.8
2024-08-19,26.8,19.9,39,5,14,84.5
2024-08-20,27.4,16.1,43,5,10,85.3
2024-08-21,26.5,18.2,39,5,10,91.3
2024-08-22,27.9,16.0,37,6,13,89.4
2024-08-23,28.6,15.3,41,2,17,87.4
2024-08-24,28.3,15.8,42,13,11,89.3
2024-08-25,27.1,18.8,38,2,10,73.9
2024-08-26,28.4,15.1,43,3,14,87.3
2024-08-27,27.2,17.4,47,4,19,99.1
2024-08-28,26.8,13.3,38,1,10,81.5
2024-08-29,26.5,17.0,38,4,10,88.7
2024-08-30,26.7,13.0,39,7,14,90.7
2024-08-31,26.6,15.2,33,4,14,86.3
2024-09-01,27.0,13.9,38,2,12,80.7
2024-09-02,26.9,19.0,35,4,11,81.7
2024-09-03,26.8,12.1,38,4,15,89.0
2024-09-04,27.1,10.4,36,2,15,94.6
2024-09-05,27.6,9.9,37,7,5,94.2
2024-09-06,27.4,14.7,37,5,12,91.0
2024-09-07,25.4,11.3,35,8,16,89.6
2024-09-08,24.5,13.1,35,6,19,90.9
2024-09-09,27.2,9.0,40,7,15,95.4
2024-09-10,25.3,9.1,33,5,17,90.6
2024-09-11,26.2,7.5,33,5,10,88.3
2024-09-12,25.4,16.8,38,5,11,89.7
2024-09-13,24.8,9.9,33,2,12,83.2
2024-09-14,26.6,14.3,32,5,10,77.4
2024-09-15,26.8,6.7,36,5,11,82.4
2024-09-16,25.6,8.2,33,3,7,85.8
2024-09-17,24.0,8.3,37,2,16,88.2
2024-09-18,25.6,5.6,31,1,9,82.1
2024-09-19,26.3,9.7,36,5,15,89.5
2024-09-20,24.7,12.5,36,4,11,82.9
2024-09-21,26.0,9.7,32,8,13,86.4
2024-09-22,25.8,6.8,31,7,11,80.7
2024-09-23,26.2,3.3,40,0,15,82.3
2024-09-24,25.8,2.9,32,5,19,96.5
2024-09-25,24.9,11.4,25,7,10,84.4
2024-09-26,26.6,1.1,31,2,14,82.1
2024-09-27,25.5,4.4,33,8,11,97.1
2024-09-28,25.5,3.9,32,5,11,86.2
2024-09-29,24.7,2.9,32,5,15,83.9
2024-09-30,25.1,13.8,25,4,12,85.7
2024-10-01,24.7,1.1,29,1,11,80.6
2024-10-02,25.2,1.2,29,4,10,81.5
2024-10-03,26.7,0.2,35,6,14,92.9
2024-10-04,24.2,1.8,30,7,12,87.8
2024-10-05,23.9,0.9,33,3,18,85.7
2024-10-06,26.4,1.3,27,8,14,90.5
2024-10-07,25.0,5.4,25,5,16,91.2
2024-10-08,24.6,8.2,26,5,13,84.0
2024-10-09,25.9,0.6,25,3,12,85.0
2024-10-10,24.6,1.4,32,2,12,79.9
2024-10-11,26.5,7.9,36,5,16,93.3
2024-10-12,25.5,0.2,29,11,19,94.0
2024-10-13,24.5,0.3,24,8,18,89.3
2024-10-14,26.6,0.5,25,5,12,84.1
2024-10-15,24.4,2.7,20,0,15,88.2
2024-10-16,25.4,0.5,31,5,15,85.6
2024-10-17,25.0,10.3,22,4,10,85.8
2024-10-18,25.8,1.8,25,5,9,79.4
2024-10-19,26.0,2.1,24,8,12,86.3
2024-10-20,24.7,0.8,18,6,13,82.9
2024-10-21,24.0,1.9,33,6,16,91.9
2024-10-22,25.0,3.3,20,4,12,80.5
2024-10-23,24.0,4.2,22,4,11,83.2
2024-10-24,26.2,4.2,18,5,12,84.0
2024-10-25,24.6,2.6,23,3,10,88.4
2024-10-26,24.2,7.0,19,5,6,72.2
2024-10-27,24.6,5.1,21,5,12,77.8
2024-10-28,23.4,4.2,22,5,14,86.7
2024-10-29,23.6,0.2,26,6,13,86.4
2024-10-30,25.3,0.0,23,3,20,86.9
2024-10-31,23.8,0.7,22,4,9,85.8
2024-11-01,23.5,3.3,29,2,14,73.5
2024-11-02,24.7,1.6,21,7,16,82.3
2024-11-03,25.2,1.5,17,8,13,75.6
2024-11-04,24.8,6.5,15,4,13,76.7
2024-11-05,25.0,6.8,21,3,8,89.1
2024-11-06,23.6,7.2,20,3,15,85.7
2024-11-07,23.1,1.1,26,2,13,87.0
2024-11-08,25.4,3.5,20,2,14,81.3
2024-11-09,23.9,1.0,23,5,14,85.1
2024-11-10,24.0,0.6,25,7,13,77.3
2024-11-11,25.2,0.6,23,5,14,90.2
2024-11-12,24.6,1.3,22,5,18,84.8
2024-11-13,24.5,1.7,21,2,8,76.3
2024-11-14,25.8,5.3,25,3,16,87.8
2024-11-15,23.6,0.4,24,2,11,82.6
2024-11-16,24.8,4.0,23,8,9,82.7
2024-11-17,24.1,2.3,26,8,13,80.4
2024-11-18,24.3,1.0,27,5,10,85.5
2024-11-19,25.3,2.0,19,3,8,82.8
2024-11-20,24.4,1.1,21,5,15,83.9
2024-11-21,24.5,2.7,22,6,10,89.8
2024-11-22,24.9,1.7,19,2,9,75.0
2024-11-23,23.7,0.5,23,9,11,84.8
2024-11-24,23.3,0.4,22,2,13,84.1
2024-11-25,23.2,2.4,26,2,13,80.6
2024-11-26,22.4,7.0,24,4,12,88.5
2024-11-27,25.6,1.3,28,4,7,90.6
2024-11-28,23.1,4.0,20,5,15,86.5
2024-11-29,23.8,3.2,20,7,14,85.3
2024-11-30,23.8,8.0,23,7,10,78.9
2024-12-01,24.2,5.2,21,11,16,94.6
2024-12-02,24.7,2.5,24,7,10,91.5
2024-12-03,24.7,3.2,23,3,16,91.1
2024-12-04,23.5,6.9,22,3,18,86.0
2024-12-05,23.9,1.5,24,3,11,86.8
2024-12-06,24.2,1.2,18,3,16,83.4
2024-12-07,23.8,0.0,28,7,13,82.1
2024-12-08,25.3,5.3,21,7,14,88.3
2024-12-09,24.4,4.8,24,5,14,93.2
2024-12-10,24.6,0.3,21,0,12,74.9
2024-12-11,24.6,2.6,18,3,16,79.4
2024-12-12,25.0,1.9,19,4,8,80.4
2024-12-13,24.2,0.4,22,1,11,83.6
2024-12-14,23.1,11.8,23,6,14,78.9
2024-12-15,24.4,0.7,20,10,9,84.7
2024-12-16,23.6,0.2,23,5,17,85.8
2024-12-17,23.7,2.7,24,2,14,86.3
2024-12-18,24.6,4.0,21,1,11,76.3
2024-12-19,25.2,0.1,27,4,13,89.2
2024-12-20,24.2,3.2,22,3,12,82.1
2024-12-21,24.5,2.3,27,6,12,80.0
2024-12-22,25.6,0.3,21,5,14,82.0
2024-12-23,24.5,0.6,22,5,16,79.6
2024-12-24,26.4,2.5,24,7,13,86.2
2024-12-25,24.8,1.1,24,2,14,84.9
2024-12-26,22.9,8.4,22,2,8,72.2
2024-12-27,25.0,5.1,21,6,12,75.4
2024-12-28,24.7,12.3,20,4,18,73.4
2024-12-29,25.4,0.9,26,6,9,87.0
2024-12-30,25.0,10.5,25,4,19,88.8
2024-12-31,24.3,1.7,22,5,11,82.3
2025-01-01,23.5,1.3,23,9,12,93.5
2025-01-02,24.3,0.2,22,5,9,81.6
2025-01-03,23.8,0.2,21,3,21,89.0
2025-01-04,24.1,3.5,32,5,9,82.8
2025-01-05,25.0,1.8,21,0,18,76.9
2025-01-06,25.9,0.8,25,3,18,88.7
2025-01-07,24.9,2.9,21,5,14,89.0
2025-01-08,23.7,0.9,27,1,12,81.7
2025-01-09,25.0,2.6,21,2,11,79.0
2025-01-10,25.7,1.3,22,3,9,79.7
2025-01-11,24.3,5.2,22,8,11,74.6
2025-01-12,24.7,5.2,19,6,16,84.7
2025-01-13,24.8,1.9,22,5,8,77.9
2025-01-14,24.2,1.3,19,4,17,88.5
2025-01-15,25.4,1.4,18,5,12,83.4
2025-01-16,24.8,4.9,32,5,11,88.5
2025-01-17,25.3,1.2,21,5,10,86.4
2025-01-18,24.3,0.7,29,6,17,84.0
2025-01-19,24.7,0.3,20,5,17,85.0
2025-01-20,25.7,1.9,27,3,12,85.8
2025-01-21,24.8,2.0,19,10,18,92.5
2025-01-22,26.6,5.5,22,2,17,81.2
2025-01-23,24.9,0.8,17,8,13,89.8
2025-01-24,25.4,1.4,22,1,18,87.3
2025-01-25,26.0,5.0,28,5,12,83.8
2025-01-26,24.2,5.2,18,7,11,77.2
2025-01-27,24.0,1.5,18,2,7,75.5
2025-01-28,24.2,1.8,22,5,15,86.8
2025-01-29,26.5,1.1,20,8,11,90.0
2025-01-30,25.1,8.1,25,8,11,82.7
2025-01-31,27.6,0.4,22,5,12,83.1
2025-02-01,25.2,8.1,22,5,14,80.9
2025-02-02,25.8,3.5,26,7,10,83.4
2025-02-03,26.9,2.3,25,5,8,78.8
2025-02-04,27.4,0.1,24,4,14,85.3
2025-02-05,27.4,1.9,18,2,14,80.6
2025-02-06,26.8,1.6,24,10,5,83.2
2025-02-07,26.7,0.5,20,3,13,82.6
2025-02-08,26.4,3.2,19,5,15,80.0
2025-02-09,26.6,10.6,23,10,15,91.0
2025-02-10,25.6,2.5,20,7,13,84.0
2025-02-11,25.4,3.8,24,4,11,84.8
2025-02-12,26.1,0.2,22,5,18,85.8
2025-02-13,26.0,1.6,17,3,11,78.5
2025-02-14,25.9,0.4,21,2,15,84.8
2025-02-15,26.8,2.8,24,4,9,80.2
2025-02-16,27.1,8.4,24,8,8,81.4
2025-02-17,26.5,3.3,20,5,11,83.1
2025-02-18,27.6,0.2,20,6,12,80.1
2025-02-19,25.6,1.3,16,7,11,90.6
2025-02-20,26.4,2.4,24,6,8,87.7
2025-02-21,26.0,1.5,18,2,6,79.8
2025-02-22,25.1,5.4,26,5,10,75.3
2025-02-23,26.6,5.1,20,8,12,81.8
2025-02-24,26.6,2.8,23,4,14,84.7
2025-02-25,28.0,1.4,20,6,8,75.8
2025-02-26,27.3,0.9,18,7,14,91.1
2025-02-27,26.1,0.3,24,2,13,89.4
2025-02-28,28.4,1.3,21,5,13,94.1
2025-03-01,28.0,1.6,19,2,13,73.7
2025-03-02,27.5,3.4,34,10,16,94.2
2025-03-03,26.9,3.2,20,6,14,92.5
2025-03-04,26.4,0.2,27,2,12,83.1
2025-03-05,26.9,1.5,19,7,3,79.1
2025-03-06,28.1,0.6,19,3,10,73.7
2025-03-07,28.8,0.5,22,4,18,92.7
2025-03-08,28.6,5.3,23,5,10,80.7
2025-03-09,27.0,0.1,29,10,5,82.5
2025-03-10,26.6,1.6,21,2,17,105.9
2025-03-11,27.6,0.6,22,7,13,104.5
2025-03-12,26.1,6.3,21,2,13,95.3
2025-03-13,27.9,2.4,25,2,10,90.7
2025-03-14,27.5,0.8,23,3,15,99.4
2025-03-15,27.3,2.1,23,8,10,89.3
2025-03-16,26.5,3.9,25,7,18,99.5
2025-03-17,28.2,9.5,27,6,9,92.5
2025-03-18,27.4,0.7,21,3,17,90.3
2025-03-19,27.0,6.5,22,4,15,88.1
2025-03-20,25.7,8.2,19,4,12,87.5
2025-03-21,28.0,7.4,22,4,14,86.4
2025-03-22,29.5,3.0,22,6,12,79.2
2025-03-23,29.4,3.0,23,9,12,82.7
2025-03-24,27.8,1.5,24,6,12,89.3
2025-03-25,27.7,4.2,19,2,10,76.7
2025-03-26,28.6,2.3,20,6,18,89.6
2025-03-27,27.5,3.4,23,5,13,91.0
2025-03-28,28.6,1.7,22,4,14,87.2
2025-03-29,29.0,3.9,25,7,15,84.0
2025-03-30,29.4,5.2,18,6,12,87.2
2025-03-31,28.4,0.5,19,2,15,85.5
2025-04-01,28.4,5.8,19,8,14,93.4
2025-04-02,27.9,3.2,23,6,10,77.1
2025-04-03,28.0,6.9,23,4,18,90.1
2025-04-04,28.5,3.4,19,3,15,87.9
2025-04-05,29.0,3.6,20,7,12,90.3
2025-04-06,29.5,10.0,30,8,16,84.6
2025-04-07,28.1,3.9,28,2,9,87.8
2025-04-08,30.0,9.0,26,5,7,91.0
2025-04-09,28.6,5.8,29,4,8,76.9
2025-04-10,28.9,6.4,25,3,7,83.8
2025-04-11,28.3,5.8,29,1,14,87.7
2025-04-12,27.0,7.7,23,4,15,81.8
2025-04-13,29.7,6.7,21,5,10,78.5
2025-04-14,29.7,6.1,21,2,10,83.9
2025-04-15,28.9,7.3,25,8,15,89.7
2025-04-16,29.2,6.8,22,5,11,84.6
2025-04-17,29.6,18.7,23,4,8,86.2
2025-04-18,28.0,17.7,19,2,5,84.5
2025-04-19,28.8,9.5,25,10,8,88.4
2025-04-20,29.9,12.3,25,6,19,89.0
2025-04-21,28.3,10.1,19,3,15,82.6
2025-04-22,29.6,12.6,27,4,12,82.7
2025-04-23,28.3,14.6,23,4,10,88.6
2025-04-24,29.8,18.8,27,4,15,88.0
2025-04-25,29.4,12.0,24,2,14,89.4
2025-04-26,28.2,15.4,24,5,11,80.9
2025-04-27,30.4,12.1,27,5,10,80.1
2025-04-28,28.9,25.5,24,5,11,88.0
2025-04-29,28.9,12.0,27,4,8,84.1
2025-04-30,29.7,15.1,28,2,12,80.2
2025-05-01,30.5,15.9,24,1,12,89.8
2025-05-02,28.8,16.6,22,6,6,81.2
2025-05-03,29.7,13.8,23,5,14,87.5
2025-05-04,30.0,22.2,28,3,11,84.9
2025-05-05,30.3,14.8,23,4,7,77.5
2025-05-06,29.9,17.4,24,5,14,84.2
2025-05-07,29.4,15.6,25,5,11,85.5
2025-05-08,29.1,16.3,38,3,10,85.0
2025-05-09,29.9,17.9,33,3,14,96.0
2025-05-10,28.9,17.5,31,3,9,80.6
2025-05-11,27.5,16.7,30,5,15,90.5
2025-05-12,30.2,17.1,34,3,14,91.6
2025-05-13,30.6,18.5,34,5,12,91.6
2025-05-14,28.0,21.4,34,2,12,87.4
2025-05-15,29.1,24.3,39,5,16,99.6
2025-05-16,30.4,18.1,29,5,4,80.7
2025-05-17,31.6,19.6,33,7,12,95.3
2025-05-18,29.9,18.7,34,4,11,79.7
2025-05-19,29.4,18.7,43,4,15,97.6
2025-05-20,29.8,22.2,30,3,15,83.2
2025-05-21,31.1,22.0,33,6,15,91.9
2025-05-22,29.4,20.0,34,3,13,89.4
2025-05-23,29.3,20.6,35,1,9,82.8
2025-05-24,29.6,20.1,31,6,15,87.8
2025-05-25,29.2,25.7,38,6,13,84.2
2025-05-26,30.1,31.6,34,6,17,90.8
2025-05-27,31.3,21.2,39,8,10,96.5
2025-05-28,30.3,21.8,34,3,10,87.4
2025-05-29,29.8,27.3,35,2,14,86.2
2025-05-30,29.8,29.3,34,6,5,92.9
2025-05-31,28.7,23.3,36,7,14,85.9
2025-06-01,30.7,22.1,35,6,14,87.9
2025-06-02,29.9,22.2,40,7,10,91.8
2025-06-03,29.9,24.9,36,7,11,95.5
2025-06-04,32.5,24.0,38,4,13,91.8
2025-06-05,30.2,22.8,46,2,17,94.2
2025-06-06,29.4,25.5,36,4,13,83.6
2025-06-07,29.6,23.1,37,8,13,95.2
2025-06-08,30.9,27.8,34,10,13,92.0
2025-06-09,30.1,24.4,36,4,17,93.9
2025-06-10,28.8,23.6,39,6,14,91.9
2025-06-11,30.7,26.3,40,2,13,86.6
2025-06-12,29.4,25.3,35,4,18,99.7
2025-06-13,31.4,34.8,42,2,14,84.4
2025-06-14,30.8,26.4,36,5,10,82.1
2025-06-15,29.5,25.1,43,7,20,102.9
2025-06-16,30.9,28.0,47,8,15,103.1
2025-06-17,29.9,25.3,39,2,11,87.4
2025-06-18,30.5,31.5,42,6,12,99.8
2025-06-19,30.2,25.9,46,3,16,97.1
2025-06-20,29.2,27.0,48,3,16,96.9
2025-06-21,29.3,24.8,39,5,11,89.0
2025-06-22,30.6,26.4,43,7,19,98.3
2025-06-23,29.5,30.2,38,5,11,93.8
2025-06-24,29.4,29.8,43,5,10,101.7
2025-06-25,29.0,25.7,43,3,9,89.3
2025-06-26,30.0,25.7,42,4,10,90.8
2025-06-27,31.3,30.1,41,6,13,90.2
2025-06-28,28.8,33.0,37,2,16,86.9
2025-06-29,29.7,25.3,46,5,17,101.7
2025-06-30,30.7,26.8,42,5,15,99.5
2025-07-01,29.5,26.2,38,7,19,96.6
2025-07-02,29.9,31.1,43,7,12,96.5
2025-07-03,28.7,25.2,48,0,8,82.9
2025-07-04,29.9,25.7,49,2,14,90.3
2025-07-05,29.3,29.1,50,10,13,99.4
2025-07-06,30.2,25.0,40,9,22,97.6
2025-07-07,30.4,26.9,43,6,6,87.6
2025-07-08,31.5,26.5,41,5,14,96.7
2025-07-09,29.8,25.9,45,2,9,89.5
2025-07-10,29.6,26.2,41,2,11,83.4
2025-07-11,29.4,26.8,45,2,11,82.8
2025-07-12,29.0,25.0,43,4,8,84.5
2025-07-13,29.5,26.9,46,4,16,86.3
2025-07-14,29.0,29.2,45,3,10,84.1
2025-07-15,29.3,28.5,47,2,12,96.9
2025-07-16,30.2,24.6,40,6,12,94.0
2025-07-17,28.3,24.5,43,4,15,94.0
2025-07-18,30.0,24.8,46,7,13,97.4
2025-07-19,30.1,25.1,46,7,15,90.8
2025-07-20,28.9,25.1,41,4,12,90.2
2025-07-21,27.2,26.8,42,1,11,88.5
2025-07-22,28.4,23.4,47,5,12,92.8
2025-07-23,29.9,23.2,53,5,12,95.5
2025-07-24,28.8,24.4,42,4,7,85.0
2025-07-25,28.0,26.3,43,4,14,92.9
2025-07-26,28.3,23.2,47,11,12,97.5
2025-07-27,29.4,25.5,40,6,11,88.2
2025-07-28,29.1,23.1,50,3,19,99.1
2025-07-29,28.4,28.5,44,4,17,96.4
2025-07-30,28.3,28.6,43,5,11,94.8
2025-07-31,28.2,22.6,42,0,11,91.8
2025-08-01,27.7,22.1,46,4,12,96.8
2025-08-02,29.7,22.7,40,9,10,96.5
2025-08-03,28.1,21.7,44,5,6,83.9
2025-08-04,29.3,24.0,45,6,12,94.3
2025-08-05,29.5,25.7,47,2,12,95.2
2025-08-06,29.0,23.5,41,4,13,96.0
2025-08-07,27.8,25.1,42,3,18,92.9
2025-08-08,28.5,21.2,40,7,12,98.1
2025-08-09,28.1,19.9,43,8,8,87.7
2025-08-10,27.3,23.1,44,8,11,95.5
2025-08-11,28.2,20.2,42,1,20,94.5
2025-08-12,27.0,21.9,43,3,11,86.3
2025-08-13,28.8,19.2,40,2,10,87.3
2025-08-14,27.5,18.2,39,3,18,103.3
2025-08-15,28.0,32.4,51,3,8,93.6
2025-08-16,28.0,17.8,40,6,14,101.1
2025-08-17,27.5,30.4,40,6,14,86.1
2025-08-18,28.1,28.1,43,2,13,95.0
2025-08-19,27.2,21.1,42,3,19,86.2
2025-08-20,28.2,19.3,41,3,15,93.6
2025-08-21,26.4,18.3,38,5,10,94.3
2025-08-22,27.5,21.4,45,5,18,102.3
2025-08-23,28.9,16.1,37,9,19,94.0
2025-08-24,26.5,16.6,44,9,12,99.6
2025-08-25,26.7,17.2,40,3,12,89.3
2025-08-26,27.6,15.6,44,4,13,93.9
2025-08-27,27.3,15.3,41,10,13,98.4
2025-08-28,27.4,14.5,41,2,16,88.6
2025-08-29,27.5,15.4,42,1,18,99.9
2025-08-30,27.5,18.2,37,3,20,91.5
2025-08-31,27.9,12.8,41,5,7,91.4
2025-09-01,27.3,20.0,37,5,14,98.1
2025-09-02,26.7,14.9,39,3,9,85.5
2025-09-03,27.4,16.2,35,5,14,98.1
2025-09-04,28.3,13.1,36,4,17,96.3
2025-09-05,26.6,14.8,47,6,12,93.2
2025-09-06,25.9,9.9,38,4,15,91.6
2025-09-07,27.5,14.6,44,7,8,86.9
2025-09-08,26.5,9.2,47,4,15,103.4
2025-09-09,24.8,15.3,38,2,15,94.9
2025-09-10,27.1,22.7,35,8,15,96.9
2025-09-11,26.0,8.9,34,4,12,95.7
2025-09-12,26.3,8.1,42,2,17,87.9
2025-09-13,26.6,11.4,39,15,20,102.3
2025-09-14,26.4,7.5,35,5,20,91.9
2025-09-15,26.8,12.2,38,6,17,106.2
2025-09-16,25.8,6.1,30,2,11,82.2
2025-09-17,26.5,5.7,35,3,21,88.5
2025-09-18,25.9,16.5,30,2,15,83.1
2025-09-19,26.6,7.9,33,6,18,99.8
2025-09-20,26.5,9.7,35,6,14,88.1
2025-09-21,25.2,4.8,35,3,16,87.8
2025-09-22,26.7,6.6,40,6,8,95.7
2025-09-23,25.4,5.5,32,4,12,89.4
2025-09-24,26.4,5.1,37,4,11,92.0
2025-09-25,26.0,5.4,32,6,14,95.6
2025-09-26,27.1,4.1,35,1,8,83.7
2025-09-27,25.5,2.8,27,4,5,79.5
2025-09-28,25.3,1.6,32,5,16,90.6
2025-09-29,25.5,4.6,31,1,19,94.1
2025-09-30,25.3,0.8,36,6,16,93.0
2025-10-01,26.1,3.5,37,3,19,82.9
2025-10-02,24.1,0.8,25,3,15,91.1
2025-10-03,24.5,2.9,28,5,16,96.0
2025-10-04,24.5,4.1,33,3,11,85.6
2025-10-05,26.0,0.7,26,8,18,93.2
2025-10-06,26.6,0.2,32,2,21,91.1
2025-10-07,25.1,0.4,28,4,12,90.8
2025-10-08,25.0,2.8,26,4,12,91.5
2025-10-09,25.2,5.7,34,4,9,89.3
2025-10-10,26.0,0.1,28,2,12,96.6
2025-10-11,24.3,4.0,30,5,18,84.0
2025-10-12,25.2,1.3,23,5,11,84.3
2025-10-13,25.7,2.0,25,5,14,85.4
2025-10-14,25.3,7.9,25,5,16,94.8
2025-10-15,25.0,1.2,29,3,11,81.2
2025-10-16,25.6,1.9,25,2,12,80.3
2025-10-17,22.6,0.0,25,2,10,81.9
2025-10-18,25.3,0.3,27,8,15,91.8
2025-10-19,24.2,0.9,19,8,13,84.4
2025-10-20,23.2,0.1,29,5,7,85.0
2025-10-21,25.1,3.0,23,3,13,86.0
2025-10-22,25.7,1.7,24,1,7,80.3
2025-10-23,24.5,2.4,21,2,12,90.3
2025-10-24,25.3,0.6,23,4,8,87.6
2025-10-25,25.8,1.1,28,7,11,86.4
2025-10-26,25.6,3.3,23,5,11,92.1
2025-10-27,25.8,10.1,22,7,16,94.6
2025-10-28,25.1,0.2,20,6,11,83.9
2025-10-29,24.5,6.6,20,1,10,82.7
2025-10-30,23.1,2.6,25,2,10,86.7
2025-10-31,24.2,2.5,19,6,16,87.7
2025-11-01,23.7,2.1,26,4,13,80.7
2025-11-02,26.1,0.2,19,8,12,86.7
2025-11-03,24.2,0.3,20,3,9,81.9
2025-11-04,24.4,2.8,28,8,9,97.6
2025-11-05,24.7,1.3,19,9,17,97.4
2025-11-06,24.3,7.5,22,3,19,87.5
2025-11-07,25.6,1.6,18,6,13,90.1
2025-11-08,23.7,0.5,23,5,8,87.1
2025-11-09,24.3,3.8,19,6,10,77.4
2025-11-10,23.6,1.0,22,3,14,83.0
2025-11-11,23.1,2.2,23,8,14,93.0
2025-11-12,23.6,3.6,23,5,17,91.7
2025-11-13,24.1,6.9,21,4,17,89.5
2025-11-14,23.8,4.7,22,3,9,82.9
2025-11-15,23.5,3.4,23,4,10,80.9
2025-11-16,23.0,3.4,28,12,11,94.9
2025-11-17,24.0,8.8,31,4,15,96.6
2025-11-18,22.9,1.1,21,2,15,84.4
2025-11-19,24.7,0.0,25,1,17,97.6
2025-11-20,24.1,1.0,23,10,14,103.1
2025-11-21,22.9,0.7,19,7,14,95.9
2025-11-22,23.8,3.3,19,4,16,87.0
2025-11-23,23.4,3.0,18,8,11,93.6
2025-11-24,24.3,2.7,24,5,13,88.4
2025-11-25,25.1,0.0,22,2,20,86.5
2025-11-26,22.5,3.9,23,3,19,88.5
2025-11-27,24.1,1.2,30,9,10,90.3
2025-11-28,23.9,3.3,22,3,18,90.2
2025-11-29,24.5,2.4,18,9,19,92.7
2025-11-30,24.2,1.3,24,4,9,82.9
2025-12-01,23.4,0.4,19,4,20,91.0
2025-12-02,23.7,0.3,24,5,6,86.0
2025-12-03,23.4,5.3,24,4,12,94.9
2025-12-04,24.9,7.5,23,2,16,90.3
2025-12-05,24.0,3.1,20,2,10,86.9
2025-12-06,25.5,0.3,20,8,6,84.2
2025-12-07,24.0,1.5,23,5,15,80.1
2025-12-08,23.5,3.9,27,4,11,81.2
2025-12-09,22.8,4.5,21,1,8,89.6
2025-12-10,22.6,0.4,23,5,13,87.3
2025-12-11,22.8,0.0,20,5,12,85.3
2025-12-12,24.3,3.7,22,6,8,88.1
2025-12-13,24.5,1.3,21,5,10,85.1
2025-12-14,22.8,0.9,22,3,10,83.8
2025-12-15,24.8,0.0,25,5,9,94.8
2025-12-16,23.7,2.3,20,1,15,91.2
2025-12-17,24.2,5.7,26,1,13,82.9
2025-12-18,25.4,9.5,18,7,13,93.8
2025-12-19,24.9,2.5,23,6,9,86.6
2025-12-20,24.0,2.2,27,8,16,91.4
2025-12-21,23.5,0.3,20,3,12,77.3
2025-12-22,22.5,2.4,20,5,15,82.9
2025-12-23,23.7,1.4,18,8,23,96.9
2025-12-24,24.1,2.8,23,5,14,86.3
2025-12-25,23.5,1.5,30,2,17,94.8
2025-12-26,24.2,0.8,21,5,16,89.5
2025-12-27,24.4,0.3,22,7,13,88.6
2025-12-28,24.2,1.1,24,8,21,99.5
2025-12-29,23.9,0.3,23,4,12,81.9
2025-12-30,24.5,0.6,24,4,15,87.1
2025-12-31,24.8,13.1,21,7,22,97.2
