student_id,semestre,taux_presence,absences,retards
ETU1000,S1,88.22,6,3
ETU1000,S2,79.11,10,6
ETU1001,S1,98.29,1,2
ETU1001,S2,92.43,4,4
ETU1002,S1,77.95,11,1
ETU1002,S2,90.05,5,2
ETU1003,S1,100.0,0,6
ETU1003,S2,79.01,10,1
ETU1004,S1,86.01,7,4
ETU1004,S2,67.2,16,3
ETU1005,S1,94.14,3,5
ETU1005,S2,89.77,5,4
ETU1006,S1,92.48,4,7
ETU1006,S2,63.58,18,5
ETU1007,S1,79.4,10,0
ETU1007,S2,69.86,15,2
ETU1008,S1,84.24,8,2
ETU1008,S2,78.04,11,4
ETU1009,S1,72.82,14,3
ETU1009,S2,83.87,8,3
ETU1010,S1,97.96,1,2
ETU1010,S2,76.3,12,2
ETU1011,S1,94.69,3,3
ETU1011,S2,100.0,0,4
ETU1012,S1,87.49,6,2
ETU1012,S2,76.63,12,3
ETU1013,S1,100.0,0,1
ETU1013,S2,82.39,9,6
ETU1014,S1,92.42,4,5
ETU1014,S2,84.16,8,4
ETU1015,S1,78.79,11,1
ETU1015,S2,100.0,0,2
ETU1016,S1,78.98,11,0
ETU1016,S2,60.26,20,6
ETU1017,S1,70.23,15,3
ETU1017,S2,66.24,17,6
ETU1018,S1,93.37,3,2
ETU1018,S2,75.26,12,4
ETU1019,S1,84.69,8,1
ETU1019,S2,90.85,5,5
ETU1020,S1,58.15,21,4
ETU1020,S2,88.24,6,3
ETU1021,S1,82.72,9,2
ETU1021,S2,69.92,15,1
ETU1022,S1,95.27,2,2
ETU1022,S2,95.6,2,1
ETU1023,S1,77.48,11,2
ETU1023,S2,66.93,17,2
ETU1024,S1,87.23,6,3
ETU1024,S2,93.36,3,1
ETU1025,S1,78.48,11,2
ETU1025,S2,57.63,21,3
ETU1026,S1,98.75,1,4
ETU1026,S2,85.6,7,2
ETU1027,S1,72.92,14,1
ETU1027,S2,71.71,14,3
ETU1028,S1,72.09,14,3
ETU1028,S2,70.43,15,0
ETU1029,S1,87.64,6,2
ETU1029,S2,94.55,3,4
ETU1030,S1,62.06,19,3
ETU1030,S2,86.07,7,2
ETU1031,S1,100.0,0,3
ETU1031,S2,65.43,17,5
ETU1032,S1,94.59,3,3
ETU1032,S2,85.81,7,1
ETU1033,S1,95.49,2,3
ETU1033,S2,89.52,5,2
ETU1034,S1,67.61,16,2
ETU1034,S2,88.54,6,2
ETU1035,S1,100.0,0,1
ETU1035,S2,100.0,0,6
ETU1036,S1,86.75,7,3
ETU1036,S2,100.0,0,3
ETU1037,S1,85.37,7,4
ETU1037,S2,100.0,0,4
ETU1038,S1,91.23,4,5
ETU1038,S2,83.22,8,3
ETU1039,S1,69.0,15,3
ETU1039,S2,86.2,7,6
ETU1040,S1,73.02,13,2
ETU1040,S2,64.24,18,2
ETU1041,S1,79.69,10,2
ETU1041,S2,83.14,8,3
ETU1042,S1,70.09,15,3
ETU1042,S2,72.83,14,3
ETU1043,S1,68.48,16,4
ETU1043,S2,88.62,6,0
ETU1044,S1,79.32,10,3
ETU1044,S2,61.98,19,1
ETU1045,S1,85.23,7,1
ETU1045,S2,79.92,10,3
ETU1046,S1,96.93,2,3
ETU1046,S2,96.86,2,6
ETU1047,S1,65.9,17,3
ETU1047,S2,73.63,13,1
ETU1048,S1,94.7,3,0
ETU1048,S2,75.76,12,2
ETU1049,S1,74.67,13,3
ETU1049,S2,92.5,4,2
ETU1050,S1,79.48,10,0
ETU1050,S2,79.35,10,5
ETU1051,S1,74.26,13,0
ETU1051,S2,74.31,13,3
ETU1052,S1,78.65,11,2
ETU1052,S2,100.0,0,5
ETU1053,S1,62.6,19,2
ETU1053,S2,84.11,8,4
ETU1054,S1,80.06,10,3
ETU1054,S2,83.85,8,1
ETU1055,S1,78.56,11,3
ETU1055,S2,77.21,11,2
ETU1056,S1,81.35,9,0
ETU1056,S2,89.98,5,2
ETU1057,S1,91.85,4,1
ETU1057,S2,81.33,9,1
ETU1058,S1,63.14,18,6
ETU1058,S2,73.03,13,2
ETU1059,S1,61.92,19,2
ETU1059,S2,81.62,9,4
ETU1060,S1,77.06,11,1
ETU1060,S2,75.13,12,1
ETU1061,S1,83.47,8,4
ETU1061,S2,79.18,10,0
ETU1062,S1,79.12,10,3
ETU1062,S2,81.4,9,1
ETU1063,S1,100.0,0,1
ETU1063,S2,68.08,16,3
ETU1064,S1,51.34,24,2
ETU1064,S2,67.65,16,1
ETU1065,S1,89.09,5,4
ETU1065,S2,97.0,2,4
ETU1066,S1,90.58,5,2
ETU1066,S2,82.54,9,1
ETU1067,S1,69.03,15,3
ETU1067,S2,93.09,3,3
ETU1068,S1,72.43,14,2
ETU1068,S2,75.06,12,5
ETU1069,S1,76.65,12,2
ETU1069,S2,79.67,10,3
ETU1070,S1,89.8,5,3
ETU1070,S2,68.59,16,1
ETU1071,S1,85.31,7,3
ETU1071,S2,91.11,4,4
ETU1072,S1,74.47,13,0
ETU1072,S2,100.0,0,3
ETU1073,S1,74.26,13,3
ETU1073,S2,74.07,13,4
ETU1074,S1,85.23,7,7
ETU1074,S2,73.45,13,3
ETU1075,S1,,4,3
ETU1075,S2,100.0,0,3
ETU1076,S1,78.12,11,2
ETU1076,S2,69.27,15,3
ETU1077,S1,80.72,10,3
ETU1077,S2,87.83,6,3
ETU1078,S1,86.5,7,3
ETU1078,S2,76.41,12,3
ETU1079,S1,70.83,15,4
ETU1079,S2,86.69,7,1
ETU1080,S1,80.33,10,1
ETU1080,S2,75.35,12,1
ETU1081,S1,89.0,5,3
ETU1081,S2,77.39,11,5
ETU1082,S1,76.83,12,5
ETU1082,S2,91.77,4,4
ETU1083,S1,100.0,0,1
ETU1083,S2,64.05,18,1
ETU1084,S1,60.64,20,1
ETU1084,S2,85.27,7,2
ETU1085,S1,82.21,9,1
ETU1085,S2,81.1,9,0
ETU1086,S1,78.05,11,3
ETU1086,S2,79.19,10,1
ETU1087,S1,89.33,5,7
ETU1087,S2,100.0,0,3
ETU1088,S1,65.03,17,3
ETU1088,S2,82.43,9,4
ETU1089,S1,63.74,18,2
ETU1089,S2,88.97,6,2
ETU1090,S1,73.52,13,3
ETU1090,S2,73.9,13,3
ETU1091,S1,90.16,5,2
ETU1091,S2,95.97,2,2
ETU1092,S1,74.31,13,2
ETU1092,S2,100.0,0,6
ETU1093,S1,72.97,14,4
ETU1093,S2,79.97,10,6
ETU1094,S1,80.26,10,4
ETU1094,S2,85.25,7,2
ETU1095,S1,98.21,1,0
ETU1095,S2,62.75,19,1
ETU1096,S1,60.17,20,1
ETU1096,S2,100.0,0,3
ETU1097,S1,75.22,12,2
ETU1097,S2,81.54,9,1
ETU1098,S1,92.33,4,3
ETU1098,S2,91.93,4,6
ETU1099,S1,81.05,9,3
ETU1099,S2,94.95,3,2
ETU1100,S1,100.0,0,3
ETU1100,S2,90.22,5,1
ETU1101,S1,85.68,7,2
ETU1101,S2,79.96,10,3
ETU1102,S1,90.54,5,4
ETU1102,S2,87.51,6,5
ETU1103,S1,89.13,5,2
ETU1103,S2,77.95,11,0
ETU1104,S1,91.56,4,3
ETU1104,S2,70.78,15,5
ETU1105,S1,65.5,17,1
ETU1105,S2,85.15,7,2
ETU1106,S1,93.5,3,4
ETU1106,S2,65.86,17,1
ETU1107,S1,100.0,0,1
ETU1107,S2,60.09,20,3
ETU1108,S1,90.94,5,1
ETU1108,S2,81.72,9,5
ETU1109,S1,87.03,6,3
ETU1109,S2,78.18,11,2
ETU1110,S1,93.19,3,2
ETU1110,S2,49.03,25,3
ETU1111,S1,60.95,20,2
ETU1111,S2,88.33,6,2
ETU1112,S1,69.35,15,4
ETU1112,S2,94.41,3,2
ETU1113,S1,81.55,9,2
ETU1113,S2,100.0,0,4
ETU1114,S1,70.88,15,3
ETU1114,S2,85.8,7,4
ETU1115,S1,89.2,5,2
ETU1115,S2,69.22,15,6
ETU1116,S1,100.0,0,1
ETU1116,S2,100.0,0,0
ETU1117,S1,76.25,12,2
ETU1117,S2,87.56,6,5
ETU1118,S1,67.14,16,2
ETU1118,S2,84.78,8,5
ETU1119,S1,73.44,13,1
ETU1119,S2,88.79,6,2
ETU1120,S1,100.0,0,3
ETU1120,S2,93.28,3,1
ETU1121,S1,81.91,9,3
ETU1121,S2,87.79,6,4
ETU1122,S1,75.78,12,6
ETU1122,S2,91.67,4,3
ETU1123,S1,91.39,4,3
ETU1123,S2,91.77,4,1
ETU1124,S1,79.66,10,2
ETU1124,S2,87.74,6,3
ETU1125,S1,75.73,12,2
ETU1125,S2,68.88,16,1
ETU1126,S1,79.27,10,1
ETU1126,S2,80.6,10,2
ETU1127,S1,77.54,11,2
ETU1127,S2,92.74,4,7
ETU1128,S1,60.04,20,1
ETU1128,S2,82.52,9,1
ETU1129,S1,89.74,5,2
ETU1129,S2,95.42,2,3
ETU1130,S1,89.79,5,3
ETU1130,S2,87.85,6,3
ETU1131,S1,100.0,0,4
ETU1131,S2,79.41,10,2
ETU1132,S1,93.91,3,4
ETU1132,S2,63.16,18,4
ETU1133,S1,95.52,2,1
ETU1133,S2,68.43,16,5
ETU1134,S1,68.06,16,3
ETU1134,S2,77.33,11,2
ETU1135,S1,84.42,8,3
ETU1135,S2,72.67,14,2
ETU1136,S1,69.29,15,1
ETU1136,S2,74.51,13,2
ETU1137,S1,74.91,13,2
ETU1137,S2,84.48,8,3
ETU1138,S1,85.12,7,0
ETU1138,S2,80.1,10,0
ETU1139,S1,76.13,12,3
ETU1139,S2,94.43,3,5
ETU1140,S1,93.82,3,2
ETU1140,S2,88.41,6,2
ETU1141,S1,55.63,22,2
ETU1141,S2,79.13,10,2
ETU1142,S1,73.96,13,1
ETU1142,S2,86.75,7,1
ETU1143,S1,73.96,13,3
ETU1143,S2,79.24,10,2
ETU1144,S1,65.4,17,1
ETU1144,S2,90.12,5,0
ETU1145,S1,81.13,9,1
ETU1145,S2,98.86,1,1
ETU1146,S1,84.3,8,3
ETU1146,S2,80.49,10,2
ETU1147,S1,96.98,2,0
ETU1147,S2,92.5,4,5
ETU1148,S1,69.46,15,2
ETU1148,S2,84.18,8,0
ETU1149,S1,98.75,1,2
ETU1149,S2,95.18,2,4
ETU1150,S1,93.42,3,5
ETU1150,S2,79.84,10,5
ETU1151,S1,69.06,15,1
ETU1151,S2,62.08,19,0
ETU1152,S1,94.27,3,4
ETU1152,S2,99.42,0,2
ETU1153,S1,73.58,13,4
ETU1153,S2,83.94,8,2
ETU1154,S1,81.58,9,2
ETU1154,S2,85.08,7,1
ETU1155,S1,98.38,1,7
ETU1155,S2,80.29,10,2
ETU1156,S1,60.72,20,4
ETU1156,S2,88.04,6,5
ETU1157,S1,90.82,5,0
ETU1157,S2,73.42,13,3
ETU1158,S1,86.6,7,4
ETU1158,S2,69.45,15,2
ETU1159,S1,88.66,6,5
ETU1159,S2,90.22,5,1
ETU1160,S1,89.35,5,4
ETU1160,S2,75.87,12,1
ETU1161,S1,64.04,18,2
ETU1161,S2,87.26,6,4
ETU1162,S1,72.81,14,0
ETU1162,S2,85.95,7,5
ETU1163,S1,100.0,0,0
ETU1163,S2,63.67,18,1
ETU1164,S1,84.05,8,1
ETU1164,S2,90.24,5,2
ETU1165,S1,74.61,13,5
ETU1165,S2,76.98,12,0
ETU1166,S1,69.86,15,1
ETU1166,S2,100.0,0,3
ETU1167,S1,77.24,11,0
ETU1167,S2,85.38,7,2
ETU1168,S1,87.3,6,1
ETU1168,S2,65.97,17,0
ETU1169,S1,86.44,7,2
ETU1169,S2,99.92,0,3
ETU1170,S1,72.38,14,3
ETU1170,S2,86.28,7,2
ETU1171,S1,80.71,10,2
ETU1171,S2,80.07,10,2
ETU1172,S1,83.64,8,0
ETU1172,S2,72.59,14,1
ETU1173,S1,91.03,4,1
ETU1173,S2,93.4,3,5
ETU1174,S1,83.37,8,1
ETU1174,S2,73.78,13,2
ETU1175,S1,74.04,13,2
ETU1175,S2,61.24,19,8
ETU1176,S1,85.06,7,0
ETU1176,S2,100.0,0,7
ETU1177,S1,89.82,5,1
ETU1177,S2,94.52,3,2
ETU1178,S1,65.54,17,0
ETU1178,S2,95.54,2,5
ETU1179,S1,82.14,9,0
ETU1179,S2,86.1,7,2
ETU1180,S1,69.66,15,2
ETU1180,S2,100.0,0,2
ETU1181,S1,87.27,6,1
ETU1181,S2,75.37,12,2
ETU1182,S1,85.25,7,5
ETU1182,S2,100.0,0,4
ETU1183,S1,80.78,10,0
ETU1183,S2,52.05,24,4
ETU1184,S1,70.8,15,3
ETU1184,S2,66.66,17,2
ETU1185,S1,86.04,7,0
ETU1185,S2,65.08,17,6
ETU1186,S1,87.96,6,4
ETU1186,S2,100.0,0,4
ETU1187,S1,71.97,14,2
ETU1187,S2,90.84,5,2
ETU1188,S1,81.4,9,2
ETU1188,S2,80.82,10,4
ETU1189,S1,80.91,10,3
ETU1189,S2,77.31,11,1
ETU1190,S1,92.95,4,3
ETU1190,S2,67.96,16,3
ETU1191,S1,80.12,10,4
ETU1191,S2,82.79,9,3
ETU1192,S1,88.91,6,6
ETU1192,S2,89.42,5,1
ETU1193,S1,72.44,14,2
ETU1193,S2,58.79,21,7
ETU1194,S1,87.44,6,2
ETU1194,S2,69.86,15,1
ETU1195,S1,80.68,10,3
ETU1195,S2,75.42,12,2
ETU1196,S1,100.0,0,1
ETU1196,S2,100.0,0,2
ETU1197,S1,81.91,9,0
ETU1197,S2,56.57,22,4
ETU1198,S1,89.56,5,1
ETU1198,S2,80.97,10,1
ETU1199,S1,77.79,11,1
ETU1199,S2,89.5,5,3
ETU1200,S1,100.0,0,5
ETU1200,S2,100.0,0,4
ETU1201,S1,85.21,7,5
ETU1201,S2,64.27,18,2
ETU1202,S1,62.44,19,5
ETU1202,S2,88.32,6,4
ETU1203,S1,81.34,9,2
ETU1203,S2,88.22,6,4
ETU1204,S1,100.0,0,1
ETU1204,S2,94.25,3,3
ETU1205,S1,74.87,13,3
ETU1205,S2,55.11,22,3
ETU1206,S1,77.43,11,2
ETU1206,S2,98.59,1,5
ETU1207,S1,90.24,5,6
ETU1207,S2,82.54,9,1
ETU1208,S1,89.45,5,3
ETU1208,S2,81.88,9,1
ETU1209,S1,84.58,8,3
ETU1209,S2,69.69,15,0
ETU1210,S1,68.59,16,2
ETU1210,S2,78.31,11,3
ETU1211,S1,92.8,4,1
ETU1211,S2,78.43,11,1
ETU1212,S1,83.99,8,5
ETU1212,S2,82.56,9,2
ETU1213,S1,76.21,12,2
ETU1213,S2,68.8,16,5
ETU1214,S1,79.61,10,2
ETU1214,S2,85.16,7,0
ETU1215,S1,82.63,9,0
ETU1215,S2,86.58,7,2
ETU1216,S1,77.58,11,2
ETU1216,S2,80.09,10,1
ETU1217,S1,70.69,15,4
ETU1217,S2,67.97,16,4
ETU1218,S1,75.72,12,4
ETU1218,S2,81.85,9,0
ETU1219,S1,71.48,14,5
ETU1219,S2,87.36,6,5
ETU1220,S1,89.54,5,2
ETU1220,S2,76.63,12,3
ETU1221,S1,94.6,3,2
ETU1221,S2,84.89,8,3
ETU1222,S1,93.04,3,3
ETU1222,S2,49.88,25,2
ETU1223,S1,91.63,4,3
ETU1223,S2,81.35,9,4
ETU1224,S1,84.16,8,2
ETU1224,S2,83.42,8,4
ETU1225,S1,63.78,18,2
ETU1225,S2,67.19,16,4
ETU1226,S1,,9,2
ETU1226,S2,,8,3
ETU1227,S1,80.28,10,2
ETU1227,S2,75.45,12,5
ETU1228,S1,94.2,3,4
ETU1228,S2,75.17,12,3
ETU1229,S1,92.83,4,5
ETU1229,S2,71.79,14,1
ETU1230,S1,82.44,9,0
ETU1230,S2,80.73,10,3
ETU1231,S1,74.15,13,1
ETU1231,S2,57.5,21,0
ETU1232,S1,76.57,12,3
ETU1232,S2,71.03,14,2
ETU1233,S1,93.52,3,1
ETU1233,S2,95.19,2,2
ETU1234,S1,64.62,18,3
ETU1234,S2,62.13,19,5
ETU1235,S1,77.69,11,3
ETU1235,S2,67.53,16,3
ETU1236,S1,74.3,13,4
ETU1236,S2,68.34,16,0
ETU1237,S1,86.52,7,1
ETU1237,S2,86.99,7,2
ETU1238,S1,85.47,7,4
ETU1238,S2,90.16,5,4
ETU1239,S1,63.72,18,2
ETU1239,S2,80.78,10,2
ETU1240,S1,72.42,14,3
ETU1240,S2,73.42,13,6
ETU1241,S1,75.63,12,3
ETU1241,S2,79.05,10,4
ETU1242,S1,64.61,18,0
ETU1242,S2,86.08,7,1
ETU1243,S1,75.05,12,2
ETU1243,S2,82.38,9,3
ETU1244,S1,66.66,17,1
ETU1244,S2,80.75,10,1
ETU1245,S1,87.05,6,3
ETU1245,S2,92.68,4,2
ETU1246,S1,85.11,7,2
ETU1246,S2,87.28,6,1
ETU1247,S1,84.93,8,4
ETU1247,S2,100.0,0,1
ETU1248,S1,80.99,10,1
ETU1248,S2,78.26,11,3
ETU1249,S1,90.53,5,0
ETU1249,S2,95.24,2,0
ETU1250,S1,81.65,9,0
ETU1250,S2,91.02,4,3
ETU1251,S1,100.0,0,8
ETU1251,S2,86.59,7,3
ETU1252,S1,88.11,6,1
ETU1252,S2,74.39,13,2
ETU1253,S1,72.66,14,0
ETU1253,S2,76.97,12,1
ETU1254,S1,,6,2
ETU1254,S2,70.99,15,0
ETU1255,S1,78.57,11,5
ETU1255,S2,91.63,4,2
ETU1256,S1,84.3,8,1
ETU1256,S2,81.14,9,0
ETU1257,S1,96.82,2,3
ETU1257,S2,83.53,8,1
ETU1258,S1,75.71,12,4
ETU1258,S2,87.31,6,3
ETU1259,S1,77.86,11,4
ETU1259,S2,93.1,3,3
ETU1260,S1,,13,4
ETU1260,S2,86.29,7,1
ETU1261,S1,97.11,1,1
ETU1261,S2,71.27,14,2
ETU1262,S1,70.58,15,3
ETU1262,S2,68.91,16,5
ETU1263,S1,90.28,5,2
ETU1263,S2,96.43,2,4
ETU1264,S1,79.28,10,0
ETU1264,S2,82.72,9,4
ETU1265,S1,100.0,0,4
ETU1265,S2,95.62,2,1
ETU1266,S1,78.74,11,4
ETU1266,S2,76.64,12,1
ETU1267,S1,76.33,12,3
ETU1267,S2,76.31,12,1
ETU1268,S1,80.59,10,3
ETU1268,S2,79.95,10,1
ETU1269,S1,92.18,4,3
ETU1269,S2,82.42,9,3
ETU1270,S1,86.69,7,2
ETU1270,S2,100.0,0,2
ETU1271,S1,87.43,6,1
ETU1271,S2,97.97,1,4
ETU1272,S1,88.87,6,1
ETU1272,S2,82.19,9,4
ETU1273,S1,46.63,27,4
ETU1273,S2,75.95,12,4
ETU1274,S1,92.1,4,1
ETU1274,S2,80.3,10,3
ETU1275,S1,79.34,10,2
ETU1275,S2,100.0,0,3
ETU1276,S1,79.23,10,1
ETU1276,S2,100.0,0,4
ETU1277,S1,69.38,15,2
ETU1277,S2,87.6,6,3
ETU1278,S1,73.96,13,2
ETU1278,S2,69.51,15,2
ETU1279,S1,65.14,17,2
ETU1279,S2,94.95,3,5
ETU1280,S1,61.33,19,2
ETU1280,S2,73.27,13,3
ETU1281,S1,46.32,27,3
ETU1281,S2,64.9,18,1
ETU1282,S1,86.37,7,1
ETU1282,S2,70.03,15,3
ETU1283,S1,96.74,2,6
ETU1283,S2,83.44,8,5
ETU1284,S1,97.57,1,0
ETU1284,S2,69.37,15,1
ETU1285,S1,66.27,17,5
ETU1285,S2,92.9,4,1
ETU1286,S1,78.59,11,3
ETU1286,S2,93.8,3,3
ETU1287,S1,94.28,3,3
ETU1287,S2,89.14,5,3
ETU1288,S1,88.29,6,1
ETU1288,S2,69.58,15,3
ETU1289,S1,93.71,3,2
ETU1289,S2,98.74,1,4
ETU1290,S1,78.13,11,5
ETU1290,S2,94.58,3,3
ETU1291,S1,73.02,13,1
ETU1291,S2,75.58,12,2
ETU1292,S1,62.66,19,3
ETU1292,S2,77.62,11,3
ETU1293,S1,77.26,11,3
ETU1293,S2,80.67,10,2
ETU1294,S1,93.33,3,1
ETU1294,S2,79.09,10,2
ETU1295,S1,100.0,0,2
ETU1295,S2,78.44,11,1
ETU1296,S1,80.6,10,3
ETU1296,S2,74.37,13,7
ETU1297,S1,99.86,0,3
ETU1297,S2,79.67,10,3
ETU1298,S1,77.87,11,2
ETU1298,S2,69.16,15,0
ETU1299,S1,88.1,6,3
ETU1299,S2,83.97,8,1
ETU1300,S1,85.87,7,3
ETU1300,S2,79.72,10,2
ETU1301,S1,87.59,6,3
ETU1301,S2,100.0,0,6
ETU1302,S1,77.86,11,3
ETU1302,S2,84.03,8,3
ETU1303,S1,88.27,6,1
ETU1303,S2,86.64,7,0
ETU1304,S1,89.57,5,2
ETU1304,S2,68.34,16,3
ETU1305,S1,78.31,11,2
ETU1305,S2,76.65,12,2
ETU1306,S1,95.81,2,2
ETU1306,S2,88.9,6,1
ETU1307,S1,67.07,16,3
ETU1307,S2,93.78,3,2
ETU1308,S1,63.22,18,4
ETU1308,S2,79.74,10,3
ETU1309,S1,93.47,3,1
ETU1309,S2,68.16,16,2
ETU1310,S1,85.65,7,2
ETU1310,S2,59.6,20,1
ETU1311,S1,80.17,10,1
ETU1311,S2,66.67,17,1
ETU1312,S1,88.13,6,3
ETU1312,S2,71.39,14,0
ETU1313,S1,80.95,10,4
ETU1313,S2,90.88,5,3
ETU1314,S1,71.37,14,0
ETU1314,S2,99.25,0,0
ETU1315,S1,69.05,15,3
ETU1315,S2,78.8,11,5
ETU1316,S1,85.57,7,5
ETU1316,S2,81.98,9,7
ETU1317,S1,80.08,10,3
ETU1317,S2,81.03,9,1
ETU1318,S1,65.96,17,3
ETU1318,S2,93.85,3,3
ETU1319,S1,88.1,6,0
ETU1319,S2,81.74,9,1
ETU1320,S1,,3,4
ETU1320,S2,57.43,21,1
ETU1321,S1,92.83,4,1
ETU1321,S2,81.49,9,2
ETU1322,S1,71.21,14,2
ETU1322,S2,87.98,6,2
ETU1323,S1,77.01,11,3
ETU1323,S2,64.52,18,4
ETU1324,S1,80.01,10,2
ETU1324,S2,79.19,10,6
ETU1325,S1,81.47,9,3
ETU1325,S2,75.15,12,3
ETU1326,S1,93.49,3,1
ETU1326,S2,83.41,8,3
ETU1327,S1,83.02,8,4
ETU1327,S2,100.0,0,1
ETU1328,S1,61.99,19,2
ETU1328,S2,82.99,9,0
ETU1329,S1,93.31,3,3
ETU1329,S2,88.84,6,5
ETU1330,S1,90.16,5,0
ETU1330,S2,79.77,10,4
ETU1331,S1,67.21,16,5
ETU1331,S2,74.41,13,2
ETU1332,S1,74.83,13,2
ETU1332,S2,62.43,19,3
ETU1333,S1,100.0,0,1
ETU1333,S2,79.82,10,4
ETU1334,S1,74.5,13,2
ETU1334,S2,100.0,0,2
ETU1335,S1,89.84,5,5
ETU1335,S2,90.43,5,2
ETU1336,S1,90.73,5,3
ETU1336,S2,87.49,6,2
ETU1337,S1,80.3,10,0
ETU1337,S2,69.61,15,2
ETU1338,S1,85.55,7,3
ETU1338,S2,66.46,17,3
ETU1339,S1,85.27,7,2
ETU1339,S2,86.93,7,4
ETU1340,S1,94.66,3,2
ETU1340,S2,78.01,11,4
ETU1341,S1,100.0,0,3
ETU1341,S2,86.36,7,1
ETU1342,S1,55.99,22,0
ETU1342,S2,94.78,3,0
ETU1343,S1,80.85,10,2
ETU1343,S2,92.68,4,0
ETU1344,S1,93.74,3,5
ETU1344,S2,84.17,8,1
ETU1345,S1,90.6,5,0
ETU1345,S2,75.77,12,3
ETU1346,S1,87.29,6,1
ETU1346,S2,94.82,3,2
ETU1347,S1,91.93,4,1
ETU1347,S2,64.42,18,2
ETU1348,S1,95.15,2,1
ETU1348,S2,62.33,19,3
ETU1349,S1,96.1,2,1
ETU1349,S2,75.17,12,3
ETU1350,S1,86.77,7,1
ETU1350,S2,100.0,0,0
ETU1351,S1,93.35,3,4
ETU1351,S2,83.3,8,3
ETU1352,S1,84.73,8,0
ETU1352,S2,93.75,3,1
ETU1353,S1,56.96,22,2
ETU1353,S2,,7,4
ETU1354,S1,84.91,8,5
ETU1354,S2,79.45,10,4
ETU1355,S1,74.16,13,6
ETU1355,S2,83.16,8,4
ETU1356,S1,93.27,3,1
ETU1356,S2,98.71,1,3
ETU1357,S1,89.77,5,2
ETU1357,S2,90.54,5,1
ETU1358,S1,83.47,8,4
ETU1358,S2,69.21,15,4
ETU1359,S1,92.3,4,2
ETU1359,S2,100.0,0,2
ETU1360,S1,87.9,6,5
ETU1360,S2,95.04,2,4
ETU1361,S1,71.14,14,2
ETU1361,S2,89.61,5,1
ETU1362,S1,95.56,2,1
ETU1362,S2,98.6,1,1
ETU1363,S1,97.01,1,0
ETU1363,S2,100.0,0,3
ETU1364,S1,88.52,6,3
ETU1364,S2,60.02,20,5
ETU1365,S1,80.23,10,2
ETU1365,S2,65.18,17,2
ETU1366,S1,82.84,9,1
ETU1366,S2,72.39,14,2
ETU1367,S1,69.67,15,3
ETU1367,S2,100.0,0,6
ETU1368,S1,,0,4
ETU1368,S2,73.3,13,1
ETU1369,S1,88.51,6,2
ETU1369,S2,77.81,11,3
ETU1370,S1,86.65,7,3
ETU1370,S2,80.61,10,3
ETU1371,S1,100.0,0,3
ETU1371,S2,93.7,3,3
ETU1372,S1,83.44,8,1
ETU1372,S2,88.02,6,2
ETU1373,S1,94.63,3,3
ETU1373,S2,100.0,0,0
ETU1374,S1,92.8,4,1
ETU1374,S2,66.37,17,1
ETU1375,S1,64.69,18,1
ETU1375,S2,73.99,13,2
ETU1376,S1,98.03,1,1
ETU1376,S2,66.95,17,3
ETU1377,S1,100.0,0,2
ETU1377,S2,80.66,10,0
ETU1378,S1,83.07,8,2
ETU1378,S2,84.01,8,3
ETU1379,S1,68.98,16,3
ETU1379,S2,80.75,10,3
ETU1380,S1,88.05,6,5
ETU1380,S2,77.22,11,4
ETU1381,S1,100.0,0,1
ETU1381,S2,94.46,3,0
ETU1382,S1,70.07,15,1
ETU1382,S2,85.82,7,1
ETU1383,S1,81.42,9,2
ETU1383,S2,90.19,5,3
ETU1384,S1,84.64,8,1
ETU1384,S2,82.55,9,0
ETU1385,S1,81.82,9,0
ETU1385,S2,65.6,17,1
ETU1386,S1,75.57,12,5
ETU1386,S2,76.73,12,3
ETU1387,S1,72.78,14,1
ETU1387,S2,57.9,21,2
ETU1388,S1,57.4,21,3
ETU1388,S2,91.9,4,0
ETU1389,S1,96.24,2,3
ETU1389,S2,91.9,4,2
ETU1390,S1,86.92,7,1
ETU1390,S2,77.63,11,3
ETU1391,S1,92.57,4,3
ETU1391,S2,55.13,22,3
ETU1392,S1,78.47,11,1
ETU1392,S2,79.51,10,4
ETU1393,S1,80.19,10,3
ETU1393,S2,85.76,7,3
ETU1394,S1,74.46,13,3
ETU1394,S2,74.17,13,0
ETU1395,S1,81.3,9,1
ETU1395,S2,83.48,8,0
ETU1396,S1,74.3,13,4
ETU1396,S2,74.09,13,1
ETU1397,S1,83.66,8,3
ETU1397,S2,73.27,13,4
ETU1398,S1,92.51,4,1
ETU1398,S2,69.71,15,4
ETU1399,S1,88.74,6,4
ETU1399,S2,73.43,13,2
ETU1400,S1,100.0,0,5
ETU1400,S2,92.78,4,3
ETU1401,S1,79.94,10,6
ETU1401,S2,96.43,2,2
ETU1402,S1,92.49,4,3
ETU1402,S2,84.4,8,1
ETU1403,S1,100.0,0,3
ETU1403,S2,90.06,5,3
ETU1404,S1,100.0,0,0
ETU1404,S2,73.6,13,1
ETU1405,S1,85.09,7,5
ETU1405,S2,76.82,12,2
ETU1406,S1,68.86,16,1
ETU1406,S2,77.0,12,2
ETU1407,S1,74.7,13,2
ETU1407,S2,100.0,0,0
ETU1408,S1,100.0,0,4
ETU1408,S2,87.82,6,3
ETU1409,S1,87.63,6,2
ETU1409,S2,100.0,0,2
ETU1410,S1,86.15,7,4
ETU1410,S2,77.76,11,2
ETU1411,S1,85.27,7,2
ETU1411,S2,66.99,17,1
ETU1412,S1,70.33,15,2
ETU1412,S2,76.43,12,2
ETU1413,S1,81.59,9,2
ETU1413,S2,83.81,8,0
ETU1414,S1,76.67,12,2
ETU1414,S2,68.9,16,1
ETU1415,S1,92.6,4,1
ETU1415,S2,78.38,11,3
ETU1416,S1,83.14,8,3
ETU1416,S2,78.61,11,2
ETU1417,S1,74.39,13,1
ETU1417,S2,82.29,9,5
ETU1418,S1,98.36,1,5
ETU1418,S2,98.59,1,2
ETU1419,S1,69.81,15,3
ETU1419,S2,80.47,10,1
ETU1420,S1,84.88,8,1
ETU1420,S2,100.0,0,0
ETU1421,S1,85.27,7,1
ETU1421,S2,72.91,14,8
ETU1422,S1,90.13,5,7
ETU1422,S2,69.35,15,0
ETU1423,S1,63.26,18,1
ETU1423,S2,86.8,7,2
ETU1424,S1,95.5,2,4
ETU1424,S2,97.38,1,3
ETU1425,S1,79.26,10,2
ETU1425,S2,68.67,16,2
ETU1426,S1,73.2,13,1
ETU1426,S2,83.17,8,3
ETU1427,S1,80.57,10,3
ETU1427,S2,56.56,22,3
ETU1428,S1,73.02,13,6
ETU1428,S2,93.74,3,3
ETU1429,S1,90.65,5,4
ETU1429,S2,84.45,8,3
ETU1430,S1,56.7,22,3
ETU1430,S2,93.32,3,2
ETU1431,S1,64.21,18,3
ETU1431,S2,79.61,10,3
ETU1432,S1,90.77,5,4
ETU1432,S2,76.99,12,3
ETU1433,S1,62.33,19,2
ETU1433,S2,93.63,3,3
ETU1434,S1,83.12,8,3
ETU1434,S2,100.0,0,2
ETU1435,S1,79.89,10,2
ETU1435,S2,82.6,9,2
ETU1436,S1,80.72,10,2
ETU1436,S2,94.85,3,6
ETU1437,S1,88.0,6,1
ETU1437,S2,59.13,20,1
ETU1438,S1,88.86,6,2
ETU1438,S2,79.56,10,1
ETU1439,S1,87.19,6,4
ETU1439,S2,97.36,1,2
ETU1440,S1,63.84,18,1
ETU1440,S2,70.02,15,2
ETU1441,S1,64.57,18,4
ETU1441,S2,81.69,9,3
ETU1442,S1,78.65,11,2
ETU1442,S2,97.67,1,2
ETU1443,S1,71.24,14,2
ETU1443,S2,72.95,14,5
ETU1444,S1,63.5,18,2
ETU1444,S2,62.47,19,0
ETU1445,S1,75.07,12,2
ETU1445,S2,98.36,1,4
ETU1446,S1,76.87,12,3
ETU1446,S2,76.23,12,3
ETU1447,S1,84.33,8,4
ETU1447,S2,50.38,25,0
ETU1448,S1,79.18,10,3
ETU1448,S2,100.0,0,2
ETU1449,S1,94.24,3,1
ETU1449,S2,85.4,7,2
ETU1450,S1,74.61,13,6
ETU1450,S2,78.62,11,2
ETU1451,S1,97.13,1,2
ETU1451,S2,73.61,13,5
ETU1452,S1,71.6,14,3
ETU1452,S2,80.57,10,2
ETU1453,S1,72.78,14,3
ETU1453,S2,63.95,18,1
ETU1454,S1,58.29,21,2
ETU1454,S2,59.05,20,2
ETU1455,S1,76.72,12,0
ETU1455,S2,94.44,3,0
ETU1456,S1,55.13,22,1
ETU1456,S2,81.6,9,2
ETU1457,S1,67.4,16,1
ETU1457,S2,76.36,12,2
ETU1458,S1,74.53,13,3
ETU1458,S2,99.5,0,3
ETU1459,S1,86.66,7,7
ETU1459,S2,100.0,0,2
ETU1460,S1,78.81,11,3
ETU1460,S2,87.86,6,2
ETU1461,S1,68.15,16,3
ETU1461,S2,86.47,7,0
ETU1462,S1,100.0,0,4
ETU1462,S2,82.54,9,2
ETU1463,S1,97.83,1,1
ETU1463,S2,70.89,15,1
ETU1464,S1,92.96,4,1
ETU1464,S2,84.36,8,0
ETU1465,S1,94.31,3,2
ETU1465,S2,79.25,10,5
ETU1466,S1,78.33,11,2
ETU1466,S2,75.96,12,4
ETU1467,S1,96.03,2,2
ETU1467,S2,92.83,4,3
ETU1468,S1,78.75,11,1
ETU1468,S2,100.0,0,5
ETU1469,S1,60.58,20,2
ETU1469,S2,70.87,15,4
ETU1470,S1,87.59,6,1
ETU1470,S2,98.12,1,5
ETU1471,S1,69.37,15,3
ETU1471,S2,90.09,5,3
ETU1472,S1,83.33,8,1
ETU1472,S2,94.52,3,3
ETU1473,S1,73.09,13,1
ETU1473,S2,67.96,16,1
ETU1474,S1,76.8,12,1
ETU1474,S2,100.0,0,1
ETU1475,S1,100.0,0,0
ETU1475,S2,96.27,2,2
ETU1476,S1,,3,7
ETU1476,S2,84.17,8,0
ETU1477,S1,68.73,16,1
ETU1477,S2,91.91,4,2
ETU1478,S1,69.67,15,4
ETU1478,S2,86.79,7,1
ETU1479,S1,73.4,13,4
ETU1479,S2,92.89,4,4
ETU1480,S1,79.46,10,4
ETU1480,S2,81.91,9,4
ETU1481,S1,100.0,0,3
ETU1481,S2,88.47,6,3
ETU1482,S1,72.29,14,0
ETU1482,S2,84.51,8,2
ETU1483,S1,69.75,15,5
ETU1483,S2,71.16,14,3
ETU1484,S1,66.01,17,1
ETU1484,S2,81.94,9,2
ETU1485,S1,85.76,7,4
ETU1485,S2,73.68,13,3
ETU1486,S1,89.57,5,0
ETU1486,S2,87.95,6,1
ETU1487,S1,71.83,14,3
ETU1487,S2,82.67,9,2
ETU1488,S1,100.0,0,2
ETU1488,S2,81.91,9,4
ETU1489,S1,82.97,9,3
ETU1489,S2,79.25,10,2
ETU1490,S1,84.92,8,3
ETU1490,S2,69.3,15,1
ETU1491,S1,93.49,3,1
ETU1491,S2,98.47,1,2
ETU1492,S1,96.5,2,2
ETU1492,S2,94.28,3,3
ETU1493,S1,100.0,0,1
ETU1493,S2,84.38,8,0
ETU1494,S1,77.23,11,3
ETU1494,S2,88.34,6,3
ETU1495,S1,67.99,16,1
ETU1495,S2,92.03,4,5
ETU1496,S1,84.06,8,2
ETU1496,S2,100.0,0,2
ETU1497,S1,88.09,6,4
ETU1497,S2,65.95,17,3
ETU1498,S1,88.77,6,3
ETU1498,S2,83.13,8,4
ETU1499,S1,69.62,15,3
ETU1499,S2,84.25,8,2
ETU1500,S1,84.17,8,3
ETU1500,S2,59.56,20,0
ETU1501,S1,77.32,11,4
ETU1501,S2,85.32,7,3
ETU1502,S1,84.15,8,1
ETU1502,S2,99.63,0,1
ETU1503,S1,99.29,0,1
ETU1503,S2,100.0,0,2
ETU1504,S1,89.17,5,3
ETU1504,S2,78.37,11,2
ETU1505,S1,79.95,10,3
ETU1505,S2,96.87,2,2
ETU1506,S1,88.0,6,4
ETU1506,S2,83.0,8,3
ETU1507,S1,71.64,14,2
ETU1507,S2,79.72,10,3
ETU1508,S1,88.29,6,2
ETU1508,S2,100.0,0,4
ETU1509,S1,71.46,14,3
ETU1509,S2,80.42,10,1
ETU1510,S1,74.53,13,4
ETU1510,S2,79.52,10,3
ETU1511,S1,88.25,6,4
ETU1511,S2,84.3,8,0
ETU1512,S1,83.76,8,2
ETU1512,S2,69.1,15,7
ETU1513,S1,100.0,0,3
ETU1513,S2,100.0,0,6
ETU1514,S1,91.35,4,4
ETU1514,S2,77.93,11,5
ETU1515,S1,90.11,5,0
ETU1515,S2,99.0,0,4
ETU1516,S1,83.89,8,7
ETU1516,S2,78.55,11,2
ETU1517,S1,86.59,7,1
ETU1517,S2,76.43,12,2
ETU1518,S1,100.0,0,3
ETU1518,S2,77.11,11,6
ETU1519,S1,89.29,5,3
ETU1519,S2,87.43,6,2
ETU1520,S1,76.47,12,3
ETU1520,S2,97.82,1,4
ETU1521,S1,60.47,20,1
ETU1521,S2,91.49,4,1
ETU1522,S1,72.16,14,4
ETU1522,S2,98.99,1,1
ETU1523,S1,73.62,13,1
ETU1523,S2,97.56,1,3
ETU1524,S1,95.06,2,1
ETU1524,S2,100.0,0,6
ETU1525,S1,72.61,14,1
ETU1525,S2,72.54,14,3
ETU1526,S1,86.27,7,4
ETU1526,S2,80.2,10,10
ETU1527,S1,88.16,6,3
ETU1527,S2,80.94,10,1
ETU1528,S1,80.48,10,2
ETU1528,S2,91.9,4,2
ETU1529,S1,96.92,2,3
ETU1529,S2,92.91,4,1
ETU1530,S1,91.87,4,3
ETU1530,S2,99.3,0,2
ETU1531,S1,94.4,3,0
ETU1531,S2,93.33,3,1
ETU1532,S1,90.05,5,2
ETU1532,S2,59.56,20,2
ETU1533,S1,84.9,8,0
ETU1533,S2,85.71,7,5
ETU1534,S1,84.16,8,2
ETU1534,S2,92.42,4,1
ETU1535,S1,79.29,10,1
ETU1535,S2,83.99,8,0
ETU1536,S1,78.12,11,2
ETU1536,S2,73.06,13,4
ETU1537,S1,81.97,9,0
ETU1537,S2,88.05,6,7
ETU1538,S1,99.17,0,5
ETU1538,S2,94.99,3,1
ETU1539,S1,89.55,5,3
ETU1539,S2,99.14,0,3
ETU1540,S1,71.46,14,3
ETU1540,S2,66.56,17,0
ETU1541,S1,75.15,12,2
ETU1541,S2,86.44,7,3
ETU1542,S1,88.66,6,1
ETU1542,S2,63.47,18,3
ETU1543,S1,87.63,6,0
ETU1543,S2,98.47,1,1
ETU1544,S1,82.54,9,3
ETU1544,S2,63.0,19,2
ETU1545,S1,68.61,16,2
ETU1545,S2,74.42,13,1
ETU1546,S1,76.9,12,1
ETU1546,S2,94.25,3,1
ETU1547,S1,82.09,9,4
ETU1547,S2,100.0,0,1
ETU1548,S1,78.78,11,0
ETU1548,S2,81.78,9,1
ETU1549,S1,71.01,14,3
ETU1549,S2,68.44,16,5
ETU1550,S1,79.81,10,4
ETU1550,S2,96.08,2,7
ETU1551,S1,100.0,0,2
ETU1551,S2,91.66,4,1
ETU1552,S1,72.22,14,0
ETU1552,S2,84.73,8,1
ETU1553,S1,68.26,16,2
ETU1553,S2,72.39,14,4
ETU1554,S1,77.58,11,2
ETU1554,S2,85.69,7,3
ETU1555,S1,82.52,9,3
ETU1555,S2,81.45,9,2
ETU1556,S1,67.62,16,2
ETU1556,S2,85.82,7,7
ETU1557,S1,96.2,2,1
ETU1557,S2,91.44,4,3
ETU1558,S1,96.53,2,2
ETU1558,S2,64.65,18,2
ETU1559,S1,92.87,4,4
ETU1559,S2,83.82,8,2
ETU1560,S1,60.56,20,4
ETU1560,S2,82.34,9,1
ETU1561,S1,99.06,0,0
ETU1561,S2,79.38,10,3
ETU1562,S1,77.24,11,3
ETU1562,S2,95.48,2,0
ETU1563,S1,81.28,9,4
ETU1563,S2,94.98,3,4
ETU1564,S1,78.77,11,1
ETU1564,S2,96.22,2,4
ETU1565,S1,60.39,20,1
ETU1565,S2,74.82,13,4
ETU1566,S1,81.42,9,0
ETU1566,S2,100.0,0,4
ETU1567,S1,95.58,2,0
ETU1567,S2,87.81,6,1
ETU1568,S1,78.97,11,2
ETU1568,S2,70.87,15,3
ETU1569,S1,71.71,14,1
ETU1569,S2,72.17,14,6
ETU1570,S1,88.37,6,4
ETU1570,S2,80.89,10,4
ETU1571,S1,76.23,12,4
ETU1571,S2,52.49,24,4
ETU1572,S1,77.66,11,3
ETU1572,S2,75.0,13,3
ETU1573,S1,84.27,8,2
ETU1573,S2,73.18,13,3
ETU1574,S1,83.57,8,0
ETU1574,S2,69.63,15,5
ETU1575,S1,76.85,12,3
ETU1575,S2,62.57,19,5
ETU1576,S1,68.77,16,3
ETU1576,S2,74.82,13,3
ETU1577,S1,82.31,9,0
ETU1577,S2,76.11,12,2
ETU1578,S1,59.23,20,3
ETU1578,S2,80.25,10,3
ETU1579,S1,80.05,10,4
ETU1579,S2,55.67,22,3
ETU1580,S1,100.0,0,2
ETU1580,S2,84.84,8,3
ETU1581,S1,70.42,15,5
ETU1581,S2,88.67,6,1
ETU1582,S1,100.0,0,3
ETU1582,S2,99.83,0,3
ETU1583,S1,84.76,8,2
ETU1583,S2,91.99,4,2
ETU1584,S1,98.65,1,4
ETU1584,S2,87.3,6,1
ETU1585,S1,85.03,7,1
ETU1585,S2,71.75,14,3
ETU1586,S1,71.81,14,4
ETU1586,S2,100.0,0,2
ETU1587,S1,76.8,12,1
ETU1587,S2,91.83,4,3
ETU1588,S1,91.0,4,2
ETU1588,S2,87.53,6,3
ETU1589,S1,,16,5
ETU1589,S2,82.37,9,2
ETU1590,S1,63.46,18,8
ETU1590,S2,88.2,6,3
ETU1591,S1,85.28,7,4
ETU1591,S2,77.02,11,0
ETU1592,S1,,21,1
ETU1592,S2,59.14,20,2
ETU1593,S1,90.88,5,3
ETU1593,S2,84.63,8,4
ETU1594,S1,100.0,0,2
ETU1594,S2,92.35,4,1
ETU1595,S1,89.15,5,0
ETU1595,S2,91.61,4,1
ETU1596,S1,50.26,25,0
ETU1596,S2,97.16,1,3
ETU1597,S1,85.46,7,2
ETU1597,S2,89.56,5,1
ETU1598,S1,98.72,1,3
ETU1598,S2,72.95,14,3
ETU1599,S1,58.7,21,0
ETU1599,S2,80.91,10,0
ETU1600,S1,78.42,11,3
ETU1600,S2,65.88,17,2
ETU1601,S1,62.38,19,2
ETU1601,S2,98.6,1,2
ETU1602,S1,77.17,11,3
ETU1602,S2,77.72,11,0
ETU1603,S1,64.2,18,2
ETU1603,S2,98.54,1,1
ETU1604,S1,97.39,1,2
ETU1604,S2,69.1,15,5
ETU1605,S1,98.68,1,0
ETU1605,S2,80.11,10,3
ETU1606,S1,81.85,9,1
ETU1606,S2,97.29,1,1
ETU1607,S1,95.46,2,3
ETU1607,S2,89.26,5,4
ETU1608,S1,66.37,17,2
ETU1608,S2,,6,1
ETU1609,S1,73.58,13,4
ETU1609,S2,82.92,9,1
ETU1610,S1,89.01,5,2
ETU1610,S2,81.91,9,1
ETU1611,S1,77.24,11,1
ETU1611,S2,71.41,14,2
ETU1612,S1,76.79,12,5
ETU1612,S2,86.49,7,2
ETU1613,S1,83.15,8,6
ETU1613,S2,87.86,6,5
ETU1614,S1,100.0,0,2
ETU1614,S2,94.62,3,1
ETU1615,S1,82.39,9,1
ETU1615,S2,77.76,11,4
ETU1616,S1,84.45,8,3
ETU1616,S2,71.22,14,3
ETU1617,S1,88.57,6,2
ETU1617,S2,88.11,6,2
ETU1618,S1,76.7,12,2
ETU1618,S2,90.78,5,4
ETU1619,S1,92.68,4,2
ETU1619,S2,96.85,2,1
ETU1620,S1,64.38,18,1
ETU1620,S2,77.52,11,3
ETU1621,S1,77.14,11,4
ETU1621,S2,69.77,15,2
ETU1622,S1,81.8,9,1
ETU1622,S2,100.0,0,1
ETU1623,S1,75.43,12,3
ETU1623,S2,66.06,17,3
ETU1624,S1,90.42,5,5
ETU1624,S2,79.14,10,5
ETU1625,S1,82.14,9,2
ETU1625,S2,80.17,10,2
ETU1626,S1,77.87,11,3
ETU1626,S2,87.79,6,1
ETU1627,S1,82.8,9,4
ETU1627,S2,77.19,11,1
ETU1628,S1,82.69,9,2
ETU1628,S2,64.27,18,3
ETU1629,S1,94.84,3,1
ETU1629,S2,100.0,0,3
ETU1630,S1,74.38,13,3
ETU1630,S2,77.64,11,1
ETU1631,S1,100.0,0,7
ETU1631,S2,85.7,7,5
ETU1632,S1,83.88,8,3
ETU1632,S2,67.86,16,0
ETU1633,S1,95.55,2,1
ETU1633,S2,65.09,17,3
ETU1634,S1,97.51,1,3
ETU1634,S2,91.45,4,3
ETU1635,S1,86.68,7,2
ETU1635,S2,71.76,14,4
ETU1636,S1,72.18,14,3
ETU1636,S2,92.65,4,9
ETU1637,S1,49.68,25,6
ETU1637,S2,80.21,10,5
ETU1638,S1,92.8,4,2
ETU1638,S2,94.0,3,3
ETU1639,S1,58.85,21,0
ETU1639,S2,100.0,0,3
ETU1640,S1,68.67,16,3
ETU1640,S2,81.73,9,5
ETU1641,S1,88.62,6,1
ETU1641,S2,97.65,1,2
ETU1642,S1,54.96,23,3
ETU1642,S2,66.74,17,3
ETU1643,S1,73.07,13,3
ETU1643,S2,79.06,10,2
ETU1644,S1,71.29,14,4
ETU1644,S2,87.74,6,2
ETU1645,S1,100.0,0,6
ETU1645,S2,76.22,12,2
ETU1646,S1,80.19,10,3
ETU1646,S2,90.16,5,2
ETU1647,S1,100.0,0,7
ETU1647,S2,84.3,8,5
ETU1648,S1,80.04,10,2
ETU1648,S2,80.46,10,2
ETU1649,S1,64.77,18,5
ETU1649,S2,84.16,8,3
ETU1650,S1,87.83,6,2
ETU1650,S2,64.61,18,0
ETU1651,S1,78.92,11,3
ETU1651,S2,100.0,0,2
ETU1652,S1,86.1,7,2
ETU1652,S2,92.27,4,4
ETU1653,S1,75.48,12,5
ETU1653,S2,60.29,20,2
ETU1654,S1,69.31,15,2
ETU1654,S2,63.84,18,1
ETU1655,S1,92.48,4,4
ETU1655,S2,,12,2
ETU1656,S1,77.74,11,3
ETU1656,S2,82.91,9,2
ETU1657,S1,80.56,10,4
ETU1657,S2,86.43,7,2
ETU1658,S1,88.63,6,3
ETU1658,S2,90.88,5,2
ETU1659,S1,76.58,12,1
ETU1659,S2,83.69,8,7
ETU1660,S1,60.56,20,1
ETU1660,S2,62.58,19,2
ETU1661,S1,83.59,8,2
ETU1661,S2,74.32,13,5
ETU1662,S1,100.0,0,3
ETU1662,S2,77.91,11,2
ETU1663,S1,95.19,2,2
ETU1663,S2,82.62,9,5
ETU1664,S1,84.98,8,2
ETU1664,S2,78.68,11,1
ETU1665,S1,64.81,18,4
ETU1665,S2,81.32,9,4
ETU1666,S1,84.32,8,2
ETU1666,S2,85.78,7,3
ETU1667,S1,82.44,9,4
ETU1667,S2,77.52,11,2
ETU1668,S1,75.26,12,5
ETU1668,S2,92.27,4,3
ETU1669,S1,93.57,3,3
ETU1669,S2,84.49,8,2
ETU1670,S1,85.97,7,1
ETU1670,S2,85.54,7,3
ETU1671,S1,93.85,3,4
ETU1671,S2,68.76,16,1
ETU1672,S1,69.5,15,1
ETU1672,S2,88.51,6,2
ETU1673,S1,74.67,13,0
ETU1673,S2,82.68,9,4
ETU1674,S1,89.55,5,3
ETU1674,S2,84.24,8,4
ETU1675,S1,90.23,5,3
ETU1675,S2,88.31,6,1
ETU1676,S1,71.14,14,2
ETU1676,S2,86.79,7,1
ETU1677,S1,83.0,9,4
ETU1677,S2,67.65,16,1
ETU1678,S1,47.19,26,3
ETU1678,S2,62.54,19,1
ETU1679,S1,81.84,9,3
ETU1679,S2,84.3,8,1
ETU1680,S1,89.8,5,3
ETU1680,S2,88.23,6,0
ETU1681,S1,78.11,11,2
ETU1681,S2,100.0,0,2
ETU1682,S1,86.63,7,3
ETU1682,S2,93.68,3,2
ETU1683,S1,82.37,9,1
ETU1683,S2,86.88,7,1
ETU1684,S1,96.26,2,3
ETU1684,S2,77.2,11,4
ETU1685,S1,98.44,1,2
ETU1685,S2,72.92,14,2
ETU1686,S1,69.52,15,1
ETU1686,S2,72.85,14,6
ETU1687,S1,92.48,4,3
ETU1687,S2,91.93,4,4
ETU1688,S1,94.36,3,1
ETU1688,S2,67.42,16,3
ETU1689,S1,75.91,12,4
ETU1689,S2,74.47,13,4
ETU1690,S1,83.41,8,4
ETU1690,S2,87.87,6,0
ETU1691,S1,100.0,0,2
ETU1691,S2,100.0,0,5
ETU1692,S1,76.62,12,3
ETU1692,S2,93.9,3,2
ETU1693,S1,92.21,4,1
ETU1693,S2,85.98,7,4
ETU1694,S1,93.54,3,5
ETU1694,S2,72.79,14,2
ETU1695,S1,98.85,1,2
ETU1695,S2,94.25,3,3
ETU1696,S1,85.07,7,6
ETU1696,S2,100.0,0,3
ETU1697,S1,90.18,5,0
ETU1697,S2,73.09,13,5
ETU1698,S1,95.85,2,3
ETU1698,S2,80.64,10,1
ETU1699,S1,80.31,10,1
ETU1699,S2,79.25,10,3
ETU1700,S1,78.75,11,4
ETU1700,S2,88.71,6,3
ETU1701,S1,85.94,7,1
ETU1701,S2,79.72,10,4
ETU1702,S1,91.28,4,6
ETU1702,S2,87.59,6,7
ETU1703,S1,100.0,0,5
ETU1703,S2,65.68,17,2
ETU1704,S1,71.99,14,2
ETU1704,S2,100.0,0,4
ETU1705,S1,72.02,14,3
ETU1705,S2,64.54,18,0
ETU1706,S1,79.62,10,7
ETU1706,S2,74.9,13,2
ETU1707,S1,87.55,6,6
ETU1707,S2,100.0,0,2
ETU1708,S1,65.97,17,0
ETU1708,S2,69.85,15,2
ETU1709,S1,78.27,11,4
ETU1709,S2,71.44,14,5
ETU1710,S1,82.86,9,3
ETU1710,S2,67.41,16,2
ETU1711,S1,68.88,16,4
ETU1711,S2,81.76,9,5
ETU1712,S1,73.48,13,3
ETU1712,S2,100.0,0,2
ETU1713,S1,47.42,26,3
ETU1713,S2,77.83,11,0
ETU1714,S1,84.31,8,1
ETU1714,S2,76.23,12,6
ETU1715,S1,62.06,19,3
ETU1715,S2,94.3,3,3
ETU1716,S1,86.65,7,1
ETU1716,S2,67.67,16,1
ETU1717,S1,81.41,9,2
ETU1717,S2,82.94,9,1
ETU1718,S1,100.0,0,0
ETU1718,S2,79.57,10,2
ETU1719,S1,84.93,8,4
ETU1719,S2,75.21,12,2
ETU1720,S1,69.53,15,2
ETU1720,S2,75.56,12,3
ETU1721,S1,82.35,9,2
ETU1721,S2,86.04,7,1
ETU1722,S1,83.76,8,3
ETU1722,S2,74.49,13,5
ETU1723,S1,91.98,4,0
ETU1723,S2,74.86,13,3
ETU1724,S1,76.97,12,1
ETU1724,S2,77.31,11,3
ETU1725,S1,93.42,3,1
ETU1725,S2,71.24,14,2
ETU1726,S1,62.52,19,1
ETU1726,S2,70.54,15,2
ETU1727,S1,69.26,15,4
ETU1727,S2,65.57,17,5
ETU1728,S1,84.52,8,2
ETU1728,S2,65.91,17,0
ETU1729,S1,87.15,6,0
ETU1729,S2,,3,2
ETU1730,S1,62.29,19,1
ETU1730,S2,89.62,5,2
ETU1731,S1,90.59,5,2
ETU1731,S2,79.22,10,3
ETU1732,S1,78.74,11,2
ETU1732,S2,77.06,11,2
ETU1733,S1,99.51,0,4
ETU1733,S2,91.28,4,2
ETU1734,S1,92.32,4,0
ETU1734,S2,90.4,5,0
ETU1735,S1,74.42,13,5
ETU1735,S2,71.43,14,6
ETU1736,S1,100.0,0,4
ETU1736,S2,75.34,12,4
ETU1737,S1,98.88,1,8
ETU1737,S2,75.1,12,2
ETU1738,S1,69.47,15,4
ETU1738,S2,81.12,9,5
ETU1739,S1,59.08,20,4
ETU1739,S2,98.29,1,2
ETU1740,S1,91.19,4,4
ETU1740,S2,67.27,16,4
ETU1741,S1,64.79,18,2
ETU1741,S2,89.64,5,2
ETU1742,S1,73.47,13,4
ETU1742,S2,94.36,3,2
ETU1743,S1,49.3,25,0
ETU1743,S2,68.78,16,2
ETU1744,S1,92.68,4,4
ETU1744,S2,78.51,11,1
ETU1745,S1,66.68,17,3
ETU1745,S2,49.81,25,3
ETU1746,S1,94.61,3,4
ETU1746,S2,86.85,7,1
ETU1747,S1,94.15,3,3
ETU1747,S2,82.8,9,2
ETU1748,S1,90.85,5,3
ETU1748,S2,76.22,12,5
ETU1749,S1,100.0,0,3
ETU1749,S2,70.82,15,0
ETU1750,S1,51.42,24,2
ETU1750,S2,100.0,0,1
ETU1751,S1,100.0,0,1
ETU1751,S2,67.15,16,3
ETU1752,S1,83.02,8,4
ETU1752,S2,76.61,12,2
ETU1753,S1,95.38,2,2
ETU1753,S2,79.03,10,3
ETU1754,S1,100.0,0,6
ETU1754,S2,77.29,11,4
ETU1755,S1,84.67,8,5
ETU1755,S2,73.43,13,4
ETU1756,S1,100.0,0,1
ETU1756,S2,68.89,16,1
ETU1757,S1,91.94,4,2
ETU1757,S2,98.31,1,4
ETU1758,S1,59.75,20,2
ETU1758,S2,71.84,14,0
ETU1759,S1,84.97,8,3
ETU1759,S2,100.0,0,2
ETU1760,S1,85.28,7,3
ETU1760,S2,80.51,10,1
ETU1761,S1,71.76,14,2
ETU1761,S2,95.03,2,4
ETU1762,S1,56.62,22,4
ETU1762,S2,65.28,17,2
ETU1763,S1,90.27,5,3
ETU1763,S2,57.76,21,4
ETU1764,S1,100.0,0,3
ETU1764,S2,95.14,2,0
ETU1765,S1,65.49,17,1
ETU1765,S2,84.91,8,1
ETU1766,S1,80.89,10,2
ETU1766,S2,90.09,5,0
ETU1767,S1,88.36,6,3
ETU1767,S2,88.63,6,2
ETU1768,S1,91.88,4,2
ETU1768,S2,100.0,0,4
ETU1769,S1,53.45,23,5
ETU1769,S2,68.16,16,5
ETU1770,S1,83.23,8,4
ETU1770,S2,91.13,4,5
ETU1771,S1,72.68,14,5
ETU1771,S2,65.59,17,2
ETU1772,S1,83.26,8,3
ETU1772,S2,87.2,6,2
ETU1773,S1,89.13,5,5
ETU1773,S2,85.91,7,4
ETU1774,S1,85.17,7,5
ETU1774,S2,86.08,7,3
ETU1775,S1,91.4,4,4
ETU1775,S2,74.08,13,2
ETU1776,S1,77.35,11,2
ETU1776,S2,100.0,0,5
ETU1777,S1,69.23,15,4
ETU1777,S2,94.92,3,4
ETU1778,S1,88.11,6,3
ETU1778,S2,81.62,9,3
ETU1779,S1,75.48,12,2
ETU1779,S2,99.35,0,3
ETU1780,S1,92.09,4,5
ETU1780,S2,90.55,5,2
ETU1781,S1,100.0,0,1
ETU1781,S2,99.64,0,2
ETU1782,S1,100.0,0,2
ETU1782,S2,78.85,11,3
ETU1783,S1,86.83,7,3
ETU1783,S2,95.41,2,3
ETU1784,S1,93.32,3,3
ETU1784,S2,71.12,14,4
ETU1785,S1,85.99,7,3
ETU1785,S2,96.93,2,0
ETU1786,S1,80.96,10,0
ETU1786,S2,81.52,9,6
ETU1787,S1,85.58,7,1
ETU1787,S2,67.57,16,5
ETU1788,S1,75.15,12,2
ETU1788,S2,74.62,13,6
ETU1789,S1,76.83,12,4
ETU1789,S2,73.27,13,3
ETU1790,S1,88.27,6,3
ETU1790,S2,99.53,0,4
ETU1791,S1,91.1,4,3
ETU1791,S2,84.98,8,3
ETU1792,S1,88.39,6,1
ETU1792,S2,,11,3
ETU1793,S1,79.06,10,2
ETU1793,S2,82.54,9,4
ETU1794,S1,69.14,15,2
ETU1794,S2,92.75,4,2
ETU1795,S1,85.87,7,2
ETU1795,S2,73.93,13,6
ETU1796,S1,63.55,18,0
ETU1796,S2,90.19,5,4
ETU1797,S1,81.65,9,2
ETU1797,S2,79.05,10,1
ETU1798,S1,92.19,4,2
ETU1798,S2,72.55,14,2
ETU1799,S1,90.08,5,1
ETU1799,S2,72.99,14,4
