identifiant,ville,CP,revenu,remboursement,duree,type,taux_interet,taux_endete,cout_total,benefices,risque
6,LYON,69008,1867.0,711.33,240,immobilier,1.196,38.1,170719.2,85.08,OUI
7,NICE,6000,5486.0,2956.95,300,immobilier,1.184,53.9,887085.0,437.63,OUI
9,MARSEILLE,13012,1386.0,612.61,180,immobilier,1.284,44.2,110269.8,58.99,OUI
14,TOULOUSE,31400,2413.0,1334.39,300,immobilier,1.154,55.3,400317.00000000006,192.49,OUI
20,LYON,69001,3318.0,1237.61,240,immobilier,1.148,37.3,297026.4,142.08,OUI
22,NICE,6300,5838.0,3018.25,240,immobilier,1.229,51.7,724380.0,370.94,OUI
24,MARSEILLE,13016,1616.0,602.77,240,immobilier,1.22,37.3,144664.8,73.54,OUI
28,MARSEILLE,13013,1394.0,535.3,300,immobilier,1.206,38.4,160590.0,80.7,OUI
42,LYON,69002,2748.0,1393.24,180,immobilier,1.209,50.7,250783.2,126.33,OUI
45,MARSEILLE,13016,2254.0,865.54,240,immobilier,1.159,38.4,207729.6,100.32,OUI
48,MARSEILLE,13011,1994.0,1036.88,240,immobilier,1.088,52.0,248851.2,112.81,OUI
49,TOULOUSE,31100,2931.0,1442.05,240,immobilier,1.2,49.2,346092.0,173.05,OUI
51,MARSEILLE,13016,1374.0,589.45,120,immobilier,1.18,42.9,70734.0,34.78,OUI
52,MARSEILLE,13011,2660.0,973.56,300,immobilier,1.119,36.6,292068.0,136.18,OUI
53,LYON,69006,3706.0,1408.28,240,immobilier,1.161,38.0,337987.2,163.5,OUI
60,MARSEILLE,13012,1201.0,688.17,240,immobilier,1.113,57.3,165160.8,76.59,OUI
66,MARSEILLE,13011,1398.0,665.45,300,immobilier,1.215,47.6,199635.0,101.07,OUI
67,PARIS,75014,5598.0,2395.94,240,immobilier,1.136,42.8,575025.6,272.18,OUI
69,TOULOUSE,31000,2278.0,872.47,240,immobilier,1.26,38.3,209392.8,109.93,OUI
71,MARSEILLE,13013,1858.0,687.46,240,immobilier,1.037,37.0,164990.40000000002,71.29,OUI
72,PARIS,75012,5981.0,2230.91,240,immobilier,1.15,37.3,535418.3999999999,256.55,OUI
78,MARSEILLE,13011,2818.0,1048.3,240,immobilier,1.11,37.2,251592.0,116.36,OUI
82,BORDEAUX,33000,3134.0,1131.37,240,immobilier,1.237,36.1,271528.8,139.95,OUI
85,PARIS,75005,6341.0,2980.27,240,immobilier,1.074,47.0,715264.8,320.08,OUI
89,LYON,69007,4217.0,1484.38,240,immobilier,1.162,35.2,356251.2,172.48,OUI
102,LYON,69002,1926.0,951.44,240,immobilier,1.245,49.4,228345.6,118.45,OUI
106,MARSEILLE,13012,1807.0,746.29,120,immobilier,1.193,41.3,89554.79999999999,44.52,OUI
122,PARIS,75001,6536.0,2457.54,120,immobilier,1.038,37.6,294904.8,127.55,OUI
126,MARSEILLE,13003,2668.0,1016.51,120,immobilier,1.115,38.1,121981.2,56.67,OUI
127,LYON,69008,3208.0,1353.78,300,immobilier,1.134,42.2,406134.0,191.9,OUI
130,MARSEILLE,13007,2631.0,1473.36,240,immobilier,1.086,56.0,353606.4,160.01,OUI
134,PARIS,75003,2870.0,1021.72,180,immobilier,1.104,35.6,183909.6,84.6,OUI
139,BORDEAUX,33300,2239.0,841.86,180,immobilier,1.248,37.6,151534.8,78.8,OUI
141,NICE,6000,5332.0,1892.86,240,immobilier,1.121,35.5,454286.4,212.19,OUI
145,PARIS,75017,5978.0,2193.93,300,immobilier,1.081,36.7,658179.0,296.45,OUI
155,LYON,69001,3831.0,1344.68,180,immobilier,1.097,35.1,242042.4,110.63,OUI
156,BORDEAUX,33200,2564.0,1151.24,240,immobilier,1.191,44.9,276297.6,137.11,OUI
162,MARSEILLE,13014,1378.0,497.46,240,immobilier,1.09,36.1,119390.4,54.22,OUI
167,MARSEILLE,13014,2856.0,1011.02,240,immobilier,1.153,35.4,242644.8,116.57,OUI
168,PARIS,75003,6366.0,2807.41,240,immobilier,1.176,44.1,673778.3999999999,330.15,OUI
170,PARIS,75019,2384.0,1311.2,240,immobilier,1.051,55.0,314688.0,137.81,OUI
172,MARSEILLE,13009,2799.0,1072.02,240,immobilier,1.171,38.3,257284.8,125.53,OUI
173,PARIS,75006,6784.0,3744.77,180,immobilier,1.248,55.2,674058.6,350.51,OUI
174,MARSEILLE,13009,1533.0,850.82,180,immobilier,1.048,55.5,153147.6,66.87,OUI
182,PARIS,75019,4068.0,1505.16,240,immobilier,1.08,37.0,361238.4,162.56,OUI
183,PARIS,75001,2330.0,871.42,240,immobilier,1.137,37.4,209140.8,99.08,OUI
190,PARIS,75005,2576.0,984.03,240,immobilier,1.029,38.2,236167.2,101.26,OUI
204,TOULOUSE,31100,3780.0,1425.06,180,immobilier,1.251,37.7,256510.8,133.71,OUI
205,BORDEAUX,33100,2835.0,1567.76,180,immobilier,1.085,55.3,282196.8,127.58,OUI
206,LYON,69005,3798.0,1769.87,240,immobilier,1.109,46.6,424768.8,196.28,OUI
207,LYON,69001,1881.0,707.26,240,immobilier,1.27,37.6,169742.4,89.82,OUI
208,MARSEILLE,13011,2547.0,962.77,240,immobilier,1.157,37.8,231064.8,111.39,OUI
210,PARIS,75016,5846.0,3104.23,180,immobilier,1.141,53.1,558761.4,265.64,OUI
212,PARIS,75008,4749.0,1766.63,300,immobilier,1.077,37.2,529989.0,237.83,OUI
213,NICE,6300,2900.0,1392.0,180,immobilier,1.041,48.0,250560.0,108.68,OUI
217,PARIS,75001,2064.0,825.6,180,immobilier,1.067,40.0,148608.0,66.07,OUI
225,BORDEAUX,33100,2356.0,876.43,180,immobilier,1.172,37.2,157757.4,77.04,OUI
226,PARIS,75002,5098.0,2910.96,240,immobilier,1.14,57.1,698630.4,331.85,OUI
