student_id,nom,prenom,age,sexe,filiere,niveau
ETU1000,Mensah,Koffi,20.0,M,Logistique & Transport,L3
ETU1001,Agbeko,Akossiwa,24.0,M,Informatique & Systèmes,L2
ETU1002,Doe,Afi,25.0,F,Logistique & Transport,L1
ETU1003,Amegan,Dodzi,,F,Génie Électrique,L2
ETU1004,Amegan,Mawuli,18.0,M,IA & Big Data,L1
ETU1005,Kouassi,Mawuli,25.0,M,Logistique & Transport,L1
ETU1006,Mensah,Afi,18.0,F,Informatique & Systèmes,L1
ETU1007,Doe,Ama,22.0,M,IA & Big Data,L2
ETU1008,Adjei,Akossiwa,19.0,M,IA & Big Data,L1
ETU1009,Mensah,Dodzi,18.0,M,Génie Civil,L1
ETU1010,Tchalla,Koffi,24.0,F,IA & Big Data,L1
ETU1011,Assogba,Eyram,18.0,F,Informatique & Systèmes,L3
ETU1012,Agbeko,Sena,23.0,,IA & Big Data,L2
ETU1013,Agbeko,Yao,23.0,M,Informatique & Systèmes,L1
ETU1014,Agbeko,Mawuli,17.0,M,Informatique & Systèmes,L1
ETU1015,Agbeko,Eyram,18.0,M,Génie Électrique,L2
ETU1016,Tchalla,Koffi,24.0,M,Informatique & Systèmes,L1
ETU1017,Kossi,Ama,22.0,M,IA & Big Data,L2
ETU1018,Kouassi,Sena,18.0,F,Génie Électrique,L2
ETU1019,Amegan,Dodzi,26.0,M,Informatique & Systèmes,L3
ETU1020,Tchalla,Koffi,19.0,M,Génie Électrique,L1
ETU1021,Lawson,Sena,17.0,M,IA & Big Data,L2
ETU1022,Kossi,Ama,26.0,F,IA & Big Data,L1
ETU1023,Assogba,Sena,17.0,F,Informatique & Systèmes,L3
ETU1024,Agbeko,Sena,22.0,M,Informatique & Systèmes,L3
ETU1025,Doe,Koffi,26.0,F,Informatique & Systèmes,L2
ETU1026,Amegan,Sena,22.0,M,Génie Civil,L2
ETU1027,Kouassi,Eyram,22.0,M,Informatique & Systèmes,L1
ETU1028,Tchalla,Eyram,20.0,F,Génie Électrique,L3
ETU1029,Amegan,Koffi,18.0,M,Génie Électrique,L2
ETU1030,Amegan,Yao,22.0,M,IA & Big Data,L1
ETU1031,Adjei,Yao,25.0,F,Génie Électrique,L2
ETU1032,Mensah,Kodjo,17.0,M,Informatique & Systèmes,L2
ETU1033,Tchalla,Ama,25.0,F,Informatique & Systèmes,L3
ETU1034,Kouassi,Eyram,21.0,M,IA & Big Data,L2
ETU1035,Mensah,Mawuli,22.0,M,Génie Civil,L2
ETU1036,Kouassi,Eyram,18.0,M,Logistique & Transport,L2
ETU1037,Kouassi,Ama,23.0,M,IA & Big Data,L1
ETU1038,Adjei,Koffi,18.0,M,Génie Électrique,L1
ETU1039,Doe,Dodzi,19.0,M,Génie Civil,L1
ETU1040,Kossi,Yao,24.0,F,Informatique & Systèmes,L3
ETU1041,Agbeko,Sena,17.0,M,Génie Civil,L2
ETU1042,Agbeko,Dodzi,21.0,M,Génie Électrique,L2
ETU1043,Lawson,Koffi,22.0,M,Logistique & Transport,L1
ETU1044,Mensah,Koffi,18.0,M,Logistique & Transport,L1
ETU1045,Assogba,Koffi,19.0,M,IA & Big Data,L2
ETU1046,Amegan,Ama,20.0,F,Informatique & Systèmes,L1
ETU1047,Kouassi,Koffi,23.0,M,Génie Électrique,L1
ETU1048,Doe,Eyram,26.0,F,IA & Big Data,L3
ETU1049,Agbeko,Sena,25.0,F,Informatique & Systèmes,L1
ETU1050,Agbeko,Dodzi,18.0,M,Logistique & Transport,L1
ETU1051,Kossi,Eyram,17.0,M,IA & Big Data,L2
ETU1052,Lawson,Dodzi,17.0,M,Informatique & Systèmes,L3
ETU1053,Amegan,Yao,22.0,F,Logistique & Transport,L1
ETU1054,Amegan,Yao,18.0,M,Informatique & Systèmes,L2
ETU1055,Mensah,Eyram,19.0,F,Informatique & Systèmes,L3
ETU1056,Tchalla,Yao,25.0,F,Logistique & Transport,L2
ETU1057,Kossi,Koffi,25.0,F,Informatique & Systèmes,L2
ETU1058,Agbeko,Sena,25.0,M,IA & Big Data,L2
ETU1059,Doe,Eyram,19.0,F,IA & Big Data,L2
ETU1060,Assogba,Dodzi,23.0,M,Logistique & Transport,L1
ETU1061,Agbeko,Dodzi,23.0,M,Informatique & Systèmes,L2
ETU1062,Lawson,Ama,18.0,M,Génie Électrique,L1
ETU1063,Assogba,Mawuli,22.0,F,IA & Big Data,L1
ETU1064,Amegan,Eyram,22.0,M,Informatique & Systèmes,L1
ETU1065,Lawson,Sena,20.0,F,Logistique & Transport,L1
ETU1066,Assogba,Eyram,24.0,M,Génie Électrique,L1
ETU1067,Lawson,Eyram,23.0,F,Logistique & Transport,L2
ETU1068,Mensah,Kodjo,22.0,M,Informatique & Systèmes,L3
ETU1069,Amegan,Koffi,24.0,M,Génie Électrique,L1
ETU1070,Agbeko,Kodjo,24.0,F,Logistique & Transport,L2
ETU1071,Kossi,Yao,22.0,M,Informatique & Systèmes,L2
ETU1072,Amegan,Ama,19.0,M,Informatique & Systèmes,L1
ETU1073,Kossi,Ama,24.0,F,Logistique & Transport,L1
ETU1074,Doe,Sena,24.0,M,Informatique & Systèmes,L1
ETU1075,Amegan,Afi,26.0,M,Génie Électrique,L1
ETU1076,Lawson,Afi,18.0,M,Logistique & Transport,L1
ETU1077,Adjei,Mawuli,21.0,M,IA & Big Data,L1
ETU1078,Tchalla,Afi,26.0,F,Informatique & Systèmes,L2
ETU1079,Doe,Sena,22.0,F,IA & Big Data,L1
ETU1080,Assogba,Koffi,26.0,M,Informatique & Systèmes,L1
ETU1081,Amegan,Eyram,17.0,M,IA & Big Data,L1
ETU1082,Kossi,Kodjo,17.0,M,Génie Civil,L2
ETU1083,Kouassi,Ama,24.0,F,IA & Big Data,L1
ETU1084,Doe,Eyram,20.0,F,Génie Civil,L2
ETU1085,Agbeko,Mawuli,22.0,F,Informatique & Systèmes,L1
ETU1086,Mensah,Koffi,21.0,M,Informatique & Systèmes,L1
ETU1087,Lawson,Ama,21.0,M,Informatique & Systèmes,L3
ETU1088,Agbeko,Koffi,26.0,M,Génie Civil,L1
ETU1089,Kouassi,Yao,17.0,M,Informatique & Systèmes,L1
ETU1090,Amegan,Koffi,24.0,M,Informatique & Systèmes,L1
ETU1091,Kouassi,Mawuli,25.0,F,Logistique & Transport,L3
ETU1092,Kouassi,Afi,23.0,M,Génie Électrique,L2
ETU1093,Lawson,Dodzi,20.0,M,IA & Big Data,L2
ETU1094,Kouassi,Mawuli,18.0,M,Logistique & Transport,L3
ETU1095,Adjei,Sena,23.0,M,Informatique & Systèmes,L1
ETU1096,Adjei,Afi,21.0,M,IA & Big Data,L3
ETU1097,Doe,Koffi,18.0,M,Génie Électrique,L1
ETU1098,Doe,Koffi,20.0,F,IA & Big Data,L2
ETU1099,Kossi,Sena,26.0,M,IA & Big Data,L2
ETU1100,Kouassi,Koffi,19.0,M,Génie Civil,L1
ETU1101,Kossi,Koffi,18.0,M,IA & Big Data,L3
ETU1102,Kouassi,Yao,,F,Génie Civil,L1
ETU1103,Mensah,Eyram,18.0,M,Logistique & Transport,L3
ETU1104,Agbeko,Kodjo,26.0,F,Génie Électrique,L1
ETU1105,Agbeko,Mawuli,25.0,F,Génie Civil,L2
ETU1106,Agbeko,Kodjo,26.0,F,Génie Civil,L3
ETU1107,Doe,Ama,26.0,F,Logistique & Transport,L1
ETU1108,Amegan,Akossiwa,19.0,M,Informatique & Systèmes,L3
ETU1109,Agbeko,Koffi,19.0,F,IA & Big Data,L2
ETU1110,Adjei,Mawuli,20.0,M,Génie Électrique,L2
ETU1111,Agbeko,Ama,21.0,F,Génie Électrique,L1
ETU1112,Tchalla,Akossiwa,25.0,M,IA & Big Data,L2
ETU1113,Amegan,Dodzi,24.0,M,Génie Électrique,L2
ETU1114,Tchalla,Afi,23.0,M,IA & Big Data,L2
ETU1115,Tchalla,Kodjo,25.0,F,Logistique & Transport,L1
ETU1116,Mensah,Afi,23.0,M,Informatique & Systèmes,L1
ETU1117,Kossi,Mawuli,20.0,M,IA & Big Data,L3
ETU1118,Adjei,Yao,21.0,F,IA & Big Data,L1
ETU1119,Kossi,Sena,22.0,F,Informatique & Systèmes,L2
ETU1120,Amegan,Eyram,17.0,M,Informatique & Systèmes,L3
ETU1121,Doe,Afi,24.0,M,IA & Big Data,L1
ETU1122,Doe,Kodjo,23.0,M,Informatique & Systèmes,L1
ETU1123,Amegan,Ama,24.0,F,IA & Big Data,L2
ETU1124,Kouassi,Yao,22.0,M,Informatique & Systèmes,L1
ETU1125,Tchalla,Dodzi,24.0,F,Informatique & Systèmes,L2
ETU1126,Mensah,Afi,26.0,M,Informatique & Systèmes,L2
ETU1127,Agbeko,Akossiwa,22.0,M,Informatique & Systèmes,L2
ETU1128,Tchalla,Kodjo,21.0,M,IA & Big Data,L1
ETU1129,Doe,Afi,18.0,M,IA & Big Data,L2
ETU1130,Tchalla,Afi,24.0,F,IA & Big Data,L2
ETU1131,Tchalla,Sena,26.0,M,Génie Civil,L1
ETU1132,Mensah,Yao,23.0,M,Logistique & Transport,L2
ETU1133,Tchalla,Sena,25.0,F,Logistique & Transport,L3
ETU1134,Agbeko,Kodjo,25.0,F,Génie Électrique,L2
ETU1135,Lawson,Dodzi,24.0,F,Génie Électrique,L2
ETU1136,Doe,Ama,22.0,M,Informatique & Systèmes,L1
ETU1137,Mensah,Ama,17.0,F,Génie Civil,L1
ETU1138,Lawson,Kodjo,17.0,F,Génie Civil,L1
ETU1139,Amegan,Afi,19.0,M,Logistique & Transport,L1
ETU1140,Assogba,Sena,21.0,M,Logistique & Transport,L3
ETU1141,Adjei,Kodjo,24.0,F,Informatique & Systèmes,L1
ETU1142,Adjei,Dodzi,21.0,M,Génie Civil,L3
ETU1143,Amegan,Kodjo,17.0,M,Génie Civil,L1
ETU1144,Assogba,Ama,19.0,F,Informatique & Systèmes,L1
ETU1145,Kouassi,Ama,26.0,F,Logistique & Transport,L1
ETU1146,Mensah,Dodzi,26.0,M,IA & Big Data,L1
ETU1147,Adjei,Ama,20.0,M,Logistique & Transport,L3
ETU1148,Kouassi,Dodzi,25.0,M,Génie Civil,L3
ETU1149,Mensah,Yao,24.0,M,IA & Big Data,L3
ETU1150,Kouassi,Koffi,26.0,F,Génie Électrique,L1
ETU1151,Adjei,Akossiwa,25.0,F,IA & Big Data,L3
ETU1152,Assogba,Sena,23.0,M,Génie Civil,L1
ETU1153,Adjei,Kodjo,20.0,M,Génie Civil,L3
ETU1154,Amegan,Mawuli,23.0,F,Génie Électrique,L2
ETU1155,Doe,Sena,20.0,M,Logistique & Transport,L1
ETU1156,Kossi,Kodjo,20.0,M,IA & Big Data,L1
ETU1157,Tchalla,Sena,23.0,M,Informatique & Systèmes,L1
ETU1158,Tchalla,Dodzi,22.0,F,Informatique & Systèmes,L1
ETU1159,Agbeko,Kodjo,22.0,M,IA & Big Data,L3
ETU1160,Assogba,Ama,20.0,F,Informatique & Systèmes,L3
ETU1161,Doe,Kodjo,21.0,M,Informatique & Systèmes,L3
ETU1162,Amegan,Eyram,17.0,F,Informatique & Systèmes,L1
ETU1163,Amegan,Yao,23.0,M,Informatique & Systèmes,L2
ETU1164,Amegan,Dodzi,22.0,M,Logistique & Transport,L1
ETU1165,Kouassi,Afi,26.0,M,Informatique & Systèmes,L2
ETU1166,Lawson,Sena,22.0,M,Logistique & Transport,L1
ETU1167,Kossi,Akossiwa,21.0,M,Informatique & Systèmes,L1
ETU1168,Lawson,Dodzi,17.0,M,Informatique & Systèmes,L2
ETU1169,Mensah,Koffi,18.0,M,Génie Électrique,L1
ETU1170,Kossi,Yao,20.0,M,Informatique & Systèmes,L2
ETU1171,Mensah,Kodjo,20.0,F,Informatique & Systèmes,L2
ETU1172,Agbeko,Kodjo,20.0,M,Génie Électrique,L1
ETU1173,Agbeko,Kodjo,20.0,F,IA & Big Data,L3
ETU1174,Doe,Ama,24.0,F,Informatique & Systèmes,L2
ETU1175,Amegan,Yao,,M,Génie Électrique,L3
ETU1176,Agbeko,Koffi,20.0,F,Informatique & Systèmes,L2
ETU1177,Kossi,Afi,18.0,F,Génie Civil,L2
ETU1178,Assogba,Akossiwa,20.0,F,Informatique & Systèmes,L2
ETU1179,Tchalla,Afi,23.0,M,Logistique & Transport,L3
ETU1180,Assogba,Afi,17.0,M,Génie Civil,L2
ETU1181,Kossi,Mawuli,20.0,M,Logistique & Transport,L1
ETU1182,Amegan,Afi,17.0,M,Génie Civil,L1
ETU1183,Doe,Sena,26.0,F,IA & Big Data,L2
ETU1184,Amegan,Afi,24.0,F,Génie Électrique,L1
ETU1185,Amegan,Sena,19.0,M,IA & Big Data,L1
ETU1186,Kossi,Sena,18.0,F,Génie Civil,L1
ETU1187,Lawson,Akossiwa,17.0,M,Génie Électrique,L2
ETU1188,Adjei,Yao,21.0,F,Informatique & Systèmes,L1
ETU1189,Lawson,Mawuli,24.0,M,Logistique & Transport,L2
ETU1190,Doe,Akossiwa,22.0,F,IA & Big Data,L3
ETU1191,Doe,Afi,25.0,F,Génie Électrique,L3
ETU1192,Doe,Ama,20.0,M,Génie Civil,L1
ETU1193,Lawson,Kodjo,19.0,M,IA & Big Data,L2
ETU1194,Assogba,Afi,21.0,F,Génie Électrique,L2
ETU1195,Mensah,Sena,19.0,M,Génie Civil,L2
ETU1196,Lawson,Afi,26.0,M,IA & Big Data,L2
ETU1197,Kossi,Akossiwa,18.0,F,Génie Électrique,L1
ETU1198,Lawson,Dodzi,21.0,M,Informatique & Systèmes,L3
ETU1199,Assogba,Afi,22.0,M,Génie Électrique,L1
ETU1200,Lawson,Eyram,17.0,M,IA & Big Data,L3
ETU1201,Assogba,Mawuli,21.0,M,Logistique & Transport,L2
ETU1202,Amegan,Afi,21.0,F,Logistique & Transport,L1
ETU1203,Doe,Eyram,19.0,M,IA & Big Data,L2
ETU1204,Amegan,Ama,18.0,M,Informatique & Systèmes,L1
ETU1205,Adjei,Dodzi,17.0,M,Génie Électrique,L3
ETU1206,Agbeko,Eyram,17.0,F,Génie Civil,L2
ETU1207,Assogba,Afi,21.0,M,Informatique & Systèmes,L1
ETU1208,Adjei,Mawuli,17.0,F,IA & Big Data,L1
ETU1209,Agbeko,Afi,,F,IA & Big Data,L2
ETU1210,Adjei,Yao,19.0,F,Logistique & Transport,L1
ETU1211,Agbeko,Mawuli,23.0,F,Informatique & Systèmes,L3
ETU1212,Agbeko,Yao,23.0,F,Logistique & Transport,L3
ETU1213,Amegan,Akossiwa,21.0,F,Informatique & Systèmes,L2
ETU1214,Agbeko,Afi,25.0,M,Logistique & Transport,L1
ETU1215,Adjei,Eyram,18.0,F,IA & Big Data,L2
ETU1216,Mensah,Akossiwa,19.0,M,IA & Big Data,L3
ETU1217,Mensah,Kodjo,19.0,M,Logistique & Transport,L1
ETU1218,Amegan,Koffi,18.0,F,Logistique & Transport,L1
ETU1219,Assogba,Ama,19.0,F,Informatique & Systèmes,L1
ETU1220,Kossi,Koffi,20.0,F,Informatique & Systèmes,L1
ETU1221,Amegan,Koffi,24.0,M,Informatique & Systèmes,L2
ETU1222,Agbeko,Eyram,20.0,M,Informatique & Systèmes,L2
ETU1223,Adjei,Eyram,25.0,M,IA & Big Data,L2
ETU1224,Agbeko,Eyram,24.0,M,Logistique & Transport,L1
ETU1225,Lawson,Koffi,26.0,M,Informatique & Systèmes,L1
ETU1226,Kouassi,Koffi,,M,Génie Civil,L1
ETU1227,Tchalla,Yao,26.0,M,IA & Big Data,L3
ETU1228,Tchalla,Afi,23.0,F,IA & Big Data,L2
ETU1229,Kossi,Akossiwa,26.0,M,Génie Électrique,L1
ETU1230,Amegan,Kodjo,20.0,F,Informatique & Systèmes,L3
ETU1231,Kouassi,Ama,26.0,F,Génie Électrique,L1
ETU1232,Mensah,Mawuli,22.0,M,IA & Big Data,L1
ETU1233,Agbeko,Akossiwa,17.0,M,Logistique & Transport,L1
ETU1234,Amegan,Koffi,21.0,M,Génie Civil,L3
ETU1235,Agbeko,Mawuli,18.0,F,Logistique & Transport,L2
ETU1236,Doe,Dodzi,26.0,M,IA & Big Data,L2
ETU1237,Amegan,Koffi,20.0,M,Informatique & Systèmes,L1
ETU1238,Lawson,Kodjo,19.0,F,Informatique & Systèmes,L1
ETU1239,Doe,Eyram,22.0,F,Génie Électrique,L2
ETU1240,Kossi,Mawuli,21.0,M,Informatique & Systèmes,L1
ETU1241,Tchalla,Eyram,17.0,M,IA & Big Data,L3
ETU1242,Mensah,Kodjo,25.0,M,Informatique & Systèmes,L3
ETU1243,Doe,Akossiwa,25.0,M,Informatique & Systèmes,L2
ETU1244,Doe,Mawuli,24.0,M,Informatique & Systèmes,L2
ETU1245,Mensah,Ama,23.0,M,IA & Big Data,L3
ETU1246,Agbeko,Yao,21.0,F,Informatique & Systèmes,L2
ETU1247,Amegan,Sena,22.0,M,Génie Électrique,L2
ETU1248,Agbeko,Sena,22.0,F,Informatique & Systèmes,L3
ETU1249,Mensah,Ama,18.0,M,Informatique & Systèmes,L1
ETU1250,Kossi,Afi,17.0,F,Génie Électrique,L3
ETU1251,Amegan,Akossiwa,19.0,F,Génie Civil,L1
ETU1252,Kossi,Afi,21.0,F,Informatique & Systèmes,L2
ETU1253,Lawson,Dodzi,18.0,F,Génie Électrique,L3
ETU1254,Doe,Koffi,18.0,M,Logistique & Transport,L2
ETU1255,Kossi,Dodzi,25.0,M,Génie Électrique,L2
ETU1256,Doe,Kodjo,20.0,M,Logistique & Transport,L2
ETU1257,Kossi,Mawuli,22.0,M,Génie Civil,L1
ETU1258,Kossi,Kodjo,22.0,F,IA & Big Data,L1
ETU1259,Tchalla,Akossiwa,24.0,,Informatique & Systèmes,L1
ETU1260,Agbeko,Mawuli,24.0,F,Génie Civil,L2
ETU1261,Kossi,Sena,19.0,M,Logistique & Transport,L2
ETU1262,Adjei,Ama,25.0,M,Informatique & Systèmes,L1
ETU1263,Assogba,Mawuli,20.0,M,IA & Big Data,L3
ETU1264,Assogba,Mawuli,25.0,F,Génie Électrique,L1
ETU1265,Tchalla,Akossiwa,21.0,F,IA & Big Data,L2
ETU1266,Amegan,Dodzi,18.0,M,Génie Civil,L1
ETU1267,Lawson,Sena,24.0,M,Génie Électrique,L1
ETU1268,Doe,Akossiwa,17.0,F,Génie Civil,L2
ETU1269,Tchalla,Koffi,24.0,M,Logistique & Transport,L2
ETU1270,Adjei,Sena,17.0,F,Génie Électrique,L1
ETU1271,Mensah,Yao,19.0,M,Génie Électrique,L3
ETU1272,Kossi,Mawuli,23.0,M,Génie Civil,L3
ETU1273,Assogba,Afi,26.0,M,Logistique & Transport,L2
ETU1274,Amegan,Kodjo,21.0,M,Logistique & Transport,L3
ETU1275,Amegan,Ama,18.0,M,IA & Big Data,L3
ETU1276,Amegan,Mawuli,19.0,M,Génie Électrique,L1
ETU1277,Agbeko,Ama,25.0,F,IA & Big Data,L2
ETU1278,Mensah,Kodjo,24.0,M,Logistique & Transport,L2
ETU1279,Mensah,Eyram,18.0,M,Génie Électrique,L1
ETU1280,Adjei,Dodzi,20.0,M,Informatique & Systèmes,L1
ETU1281,Amegan,Dodzi,19.0,M,IA & Big Data,L1
ETU1282,Doe,Dodzi,18.0,F,Informatique & Systèmes,L2
ETU1283,Amegan,Afi,25.0,M,Génie Civil,L3
ETU1284,Amegan,Yao,23.0,F,IA & Big Data,L3
ETU1285,Assogba,Eyram,18.0,M,IA & Big Data,L1
ETU1286,Kossi,Eyram,23.0,F,Logistique & Transport,L1
ETU1287,Tchalla,Dodzi,21.0,M,Génie Civil,L2
ETU1288,Tchalla,Sena,17.0,F,IA & Big Data,L2
ETU1289,Amegan,Ama,21.0,M,Informatique & Systèmes,L3
ETU1290,Kouassi,Afi,18.0,M,Logistique & Transport,L3
ETU1291,Adjei,Kodjo,19.0,F,Génie Civil,L3
ETU1292,Assogba,Eyram,25.0,F,Génie Électrique,L3
ETU1293,Lawson,Akossiwa,24.0,F,Informatique & Systèmes,L3
ETU1294,Tchalla,Akossiwa,18.0,M,Informatique & Systèmes,L2
ETU1295,Tchalla,Koffi,25.0,F,IA & Big Data,L1
ETU1296,Kouassi,Eyram,22.0,F,Génie Civil,L1
ETU1297,Amegan,Mawuli,25.0,F,IA & Big Data,L1
ETU1298,Adjei,Koffi,24.0,M,IA & Big Data,L1
ETU1299,Mensah,Kodjo,20.0,F,Génie Civil,L1
ETU1300,Lawson,Kodjo,22.0,F,Logistique & Transport,L3
ETU1301,Kouassi,Kodjo,22.0,F,Génie Civil,L1
ETU1302,Mensah,Dodzi,24.0,M,Informatique & Systèmes,L3
ETU1303,Kouassi,Ama,19.0,M,Informatique & Systèmes,L3
ETU1304,Tchalla,Akossiwa,20.0,F,Informatique & Systèmes,L2
ETU1305,Kossi,Ama,19.0,M,Informatique & Systèmes,L2
ETU1306,Lawson,Yao,19.0,F,Génie Électrique,L1
ETU1307,Tchalla,Dodzi,18.0,M,Informatique & Systèmes,L2
ETU1308,Lawson,Dodzi,17.0,M,Génie Électrique,L1
ETU1309,Kossi,Koffi,26.0,F,Logistique & Transport,L3
ETU1310,Doe,Sena,17.0,M,Logistique & Transport,L1
ETU1311,Doe,Yao,25.0,M,IA & Big Data,L1
ETU1312,Kossi,Ama,17.0,F,Informatique & Systèmes,L2
ETU1313,Adjei,Yao,24.0,F,IA & Big Data,L2
ETU1314,Adjei,Ama,20.0,F,Informatique & Systèmes,L2
ETU1315,Doe,Kodjo,22.0,M,Informatique & Systèmes,L2
ETU1316,Agbeko,Dodzi,19.0,M,IA & Big Data,L1
ETU1317,Agbeko,Afi,21.0,F,Génie Civil,L2
ETU1318,Assogba,Mawuli,21.0,M,Génie Électrique,L1
ETU1319,Agbeko,Kodjo,22.0,M,Logistique & Transport,L1
ETU1320,Lawson,Koffi,20.0,M,IA & Big Data,L1
ETU1321,Kossi,Koffi,22.0,M,IA & Big Data,L1
ETU1322,Doe,Yao,25.0,F,Informatique & Systèmes,L1
ETU1323,Assogba,Yao,21.0,F,IA & Big Data,L2
ETU1324,Assogba,Eyram,20.0,F,Informatique & Systèmes,L1
ETU1325,Adjei,Eyram,18.0,M,Logistique & Transport,L1
ETU1326,Adjei,Eyram,20.0,M,IA & Big Data,L2
ETU1327,Mensah,Sena,18.0,M,IA & Big Data,L1
ETU1328,Kossi,Afi,18.0,M,Génie Électrique,L2
ETU1329,Tchalla,Sena,26.0,M,Génie Électrique,L3
ETU1330,Tchalla,Kodjo,17.0,M,Génie Électrique,L2
ETU1331,Lawson,Sena,21.0,M,Informatique & Systèmes,L3
ETU1332,Lawson,Mawuli,25.0,M,Génie Civil,L1
ETU1333,Kouassi,Mawuli,26.0,F,IA & Big Data,L1
ETU1334,Amegan,Sena,18.0,M,Informatique & Systèmes,L2
ETU1335,Kouassi,Koffi,18.0,M,Génie Civil,L3
ETU1336,Assogba,Mawuli,20.0,F,Logistique & Transport,L3
ETU1337,Lawson,Akossiwa,22.0,F,Informatique & Systèmes,L1
ETU1338,Adjei,Mawuli,26.0,F,Génie Électrique,L3
ETU1339,Assogba,Afi,19.0,M,IA & Big Data,L1
ETU1340,Doe,Eyram,18.0,F,IA & Big Data,L1
ETU1341,Adjei,Akossiwa,19.0,M,IA & Big Data,L1
ETU1342,Doe,Dodzi,25.0,M,Génie Civil,L3
ETU1343,Tchalla,Eyram,17.0,M,Informatique & Systèmes,L1
ETU1344,Assogba,Akossiwa,20.0,M,Génie Civil,L3
ETU1345,Adjei,Kodjo,18.0,M,IA & Big Data,L2
ETU1346,Assogba,Afi,18.0,M,Logistique & Transport,L2
ETU1347,Assogba,Mawuli,26.0,F,Génie Civil,L2
ETU1348,Kossi,Sena,17.0,M,IA & Big Data,L3
ETU1349,Kossi,Eyram,20.0,M,IA & Big Data,L1
ETU1350,Tchalla,Akossiwa,,M,IA & Big Data,L1
ETU1351,Mensah,Afi,23.0,M,Logistique & Transport,L2
ETU1352,Adjei,Kodjo,17.0,M,IA & Big Data,L1
ETU1353,Amegan,Dodzi,21.0,M,Génie Électrique,L1
ETU1354,Assogba,Akossiwa,26.0,M,Informatique & Systèmes,L1
ETU1355,Assogba,Afi,21.0,F,Génie Civil,L1
ETU1356,Kossi,Ama,22.0,F,Informatique & Systèmes,L1
ETU1357,Kouassi,Eyram,22.0,M,Génie Électrique,L1
ETU1358,Mensah,Akossiwa,23.0,F,Logistique & Transport,L3
ETU1359,Agbeko,Akossiwa,18.0,F,IA & Big Data,L1
ETU1360,Kouassi,Afi,25.0,F,Génie Civil,L3
ETU1361,Kouassi,Kodjo,26.0,F,IA & Big Data,L3
ETU1362,Adjei,Eyram,18.0,F,Informatique & Systèmes,L1
ETU1363,Kouassi,Afi,25.0,F,Logistique & Transport,L2
ETU1364,Kossi,Afi,25.0,F,Génie Électrique,L2
ETU1365,Tchalla,Ama,24.0,M,Génie Civil,L2
ETU1366,Amegan,Koffi,20.0,M,Informatique & Systèmes,L1
ETU1367,Lawson,Akossiwa,21.0,M,Informatique & Systèmes,L1
ETU1368,Mensah,Dodzi,25.0,M,Informatique & Systèmes,L1
ETU1369,Agbeko,Dodzi,18.0,M,Génie Électrique,L2
ETU1370,Lawson,Sena,25.0,M,Informatique & Systèmes,L3
ETU1371,Doe,Sena,26.0,M,Informatique & Systèmes,L2
ETU1372,Amegan,Akossiwa,23.0,M,Informatique & Systèmes,L2
ETU1373,Lawson,Ama,20.0,F,Informatique & Systèmes,L3
ETU1374,Kouassi,Koffi,22.0,M,Informatique & Systèmes,L2
ETU1375,Mensah,Akossiwa,17.0,M,IA & Big Data,L1
ETU1376,Agbeko,Akossiwa,26.0,F,Logistique & Transport,L3
ETU1377,Agbeko,Ama,20.0,F,Génie Électrique,L1
ETU1378,Lawson,Yao,17.0,F,IA & Big Data,L1
ETU1379,Adjei,Koffi,24.0,F,Génie Civil,L2
ETU1380,Mensah,Sena,23.0,F,Logistique & Transport,L3
ETU1381,Assogba,Dodzi,23.0,M,IA & Big Data,L1
ETU1382,Assogba,Sena,17.0,M,IA & Big Data,L2
ETU1383,Adjei,Kodjo,24.0,M,IA & Big Data,L1
ETU1384,Mensah,Kodjo,23.0,F,IA & Big Data,L1
ETU1385,Kossi,Akossiwa,24.0,F,Génie Civil,L1
ETU1386,Mensah,Ama,25.0,M,Logistique & Transport,L2
ETU1387,Kouassi,Afi,19.0,M,IA & Big Data,L3
ETU1388,Kouassi,Afi,19.0,M,Génie Civil,L1
ETU1389,Kossi,Koffi,26.0,M,IA & Big Data,L1
ETU1390,Agbeko,Kodjo,22.0,M,Génie Électrique,L1
ETU1391,Kossi,Yao,21.0,M,Génie Civil,L1
ETU1392,Lawson,Ama,19.0,F,Informatique & Systèmes,L2
ETU1393,Tchalla,Mawuli,23.0,M,IA & Big Data,L2
ETU1394,Agbeko,Afi,24.0,F,Génie Électrique,L2
ETU1395,Kouassi,Sena,17.0,F,Logistique & Transport,L1
ETU1396,Mensah,Mawuli,22.0,M,Informatique & Systèmes,L2
ETU1397,Kossi,Dodzi,,M,IA & Big Data,L1
ETU1398,Adjei,Eyram,19.0,F,IA & Big Data,L1
ETU1399,Lawson,Sena,19.0,M,Génie Électrique,L3
ETU1400,Assogba,Eyram,25.0,F,Génie Électrique,L3
ETU1401,Agbeko,Kodjo,17.0,M,Génie Civil,L3
ETU1402,Lawson,Dodzi,20.0,F,Génie Civil,L3
ETU1403,Assogba,Mawuli,21.0,F,Logistique & Transport,L2
ETU1404,Amegan,Sena,24.0,M,Génie Civil,L3
ETU1405,Tchalla,Dodzi,18.0,M,Informatique & Systèmes,L1
ETU1406,Amegan,Afi,21.0,F,Génie Électrique,L1
ETU1407,Kossi,Mawuli,18.0,M,Informatique & Systèmes,L1
ETU1408,Assogba,Yao,24.0,M,Informatique & Systèmes,L1
ETU1409,Mensah,Dodzi,23.0,M,Logistique & Transport,L1
ETU1410,Kossi,Sena,21.0,,Génie Civil,L1
ETU1411,Adjei,Mawuli,20.0,F,Logistique & Transport,L2
ETU1412,Adjei,Kodjo,18.0,F,Informatique & Systèmes,L3
ETU1413,Kossi,Eyram,26.0,M,Génie Électrique,L2
ETU1414,Mensah,Koffi,23.0,F,Informatique & Systèmes,L1
ETU1415,Doe,Ama,20.0,M,IA & Big Data,L2
ETU1416,Assogba,Afi,21.0,M,IA & Big Data,L1
ETU1417,Kossi,Mawuli,24.0,M,Génie Électrique,L1
ETU1418,Adjei,Eyram,24.0,F,IA & Big Data,L1
ETU1419,Tchalla,Kodjo,21.0,M,Logistique & Transport,L1
ETU1420,Assogba,Sena,20.0,M,IA & Big Data,L1
ETU1421,Doe,Afi,23.0,M,IA & Big Data,L3
ETU1422,Agbeko,Dodzi,23.0,F,Génie Civil,L2
ETU1423,Tchalla,Sena,22.0,M,IA & Big Data,L2
ETU1424,Amegan,Kodjo,17.0,M,Logistique & Transport,L1
ETU1425,Kossi,Dodzi,21.0,F,Génie Civil,L3
ETU1426,Kouassi,Ama,23.0,M,IA & Big Data,L2
ETU1427,Kouassi,Dodzi,26.0,M,Génie Civil,L1
ETU1428,Mensah,Ama,22.0,M,Génie Électrique,L2
ETU1429,Agbeko,Yao,20.0,M,Génie Civil,L2
ETU1430,Mensah,Eyram,22.0,M,Génie Civil,L2
ETU1431,Agbeko,Mawuli,18.0,F,Génie Civil,L1
ETU1432,Kouassi,Dodzi,17.0,F,Génie Électrique,L2
ETU1433,Kossi,Mawuli,23.0,F,Informatique & Systèmes,L1
ETU1434,Amegan,Sena,26.0,F,Génie Civil,L1
ETU1435,Kossi,Akossiwa,25.0,M,Logistique & Transport,L1
ETU1436,Tchalla,Koffi,22.0,M,Génie Électrique,L3
ETU1437,Assogba,Ama,17.0,F,Génie Électrique,L1
ETU1438,Mensah,Yao,26.0,M,Informatique & Systèmes,L1
ETU1439,Lawson,Koffi,21.0,F,Génie Civil,L1
ETU1440,Assogba,Afi,19.0,F,Logistique & Transport,L3
ETU1441,Lawson,Mawuli,25.0,M,IA & Big Data,L2
ETU1442,Kossi,Dodzi,24.0,M,IA & Big Data,L3
ETU1443,Amegan,Kodjo,24.0,M,Génie Électrique,L1
ETU1444,Tchalla,Eyram,19.0,M,Informatique & Systèmes,L1
ETU1445,Doe,Dodzi,26.0,M,Génie Électrique,L2
ETU1446,Lawson,Eyram,21.0,M,IA & Big Data,L1
ETU1447,Assogba,Kodjo,22.0,F,Informatique & Systèmes,L3
ETU1448,Tchalla,Akossiwa,24.0,F,Génie Électrique,L3
ETU1449,Adjei,Dodzi,23.0,F,Génie Électrique,L2
ETU1450,Assogba,Yao,18.0,M,Génie Électrique,L3
ETU1451,Assogba,Kodjo,20.0,M,Génie Civil,L2
ETU1452,Amegan,Koffi,20.0,M,Génie Électrique,L1
ETU1453,Mensah,Mawuli,26.0,M,Génie Civil,L2
ETU1454,Tchalla,Sena,24.0,F,Génie Électrique,L1
ETU1455,Tchalla,Koffi,20.0,M,Génie Électrique,L3
ETU1456,Kossi,Yao,24.0,M,Génie Électrique,L1
ETU1457,Doe,Afi,24.0,F,IA & Big Data,L1
ETU1458,Kouassi,Afi,20.0,M,Informatique & Systèmes,L2
ETU1459,Kossi,Eyram,21.0,,Génie Électrique,L1
ETU1460,Agbeko,Yao,25.0,M,Logistique & Transport,L1
ETU1461,Kossi,Dodzi,22.0,F,Génie Civil,L2
ETU1462,Agbeko,Kodjo,18.0,F,IA & Big Data,L1
ETU1463,Amegan,Eyram,24.0,M,Génie Électrique,L2
ETU1464,Mensah,Yao,22.0,F,IA & Big Data,L1
ETU1465,Assogba,Koffi,22.0,F,Génie Civil,L1
ETU1466,Kossi,Koffi,24.0,F,Génie Civil,L1
ETU1467,Tchalla,Akossiwa,26.0,M,Génie Électrique,L3
ETU1468,Kossi,Dodzi,20.0,M,Génie Électrique,L3
ETU1469,Assogba,Koffi,21.0,F,Informatique & Systèmes,L1
ETU1470,Agbeko,Akossiwa,18.0,M,Informatique & Systèmes,L3
ETU1471,Kouassi,Ama,23.0,F,Logistique & Transport,L2
ETU1472,Amegan,Dodzi,21.0,F,Génie Civil,L2
ETU1473,Amegan,Sena,20.0,M,Génie Électrique,L2
ETU1474,Doe,Mawuli,23.0,F,Informatique & Systèmes,L2
ETU1475,Agbeko,Mawuli,21.0,F,IA & Big Data,L3
ETU1476,Kouassi,Sena,21.0,F,IA & Big Data,L2
ETU1477,Mensah,Mawuli,21.0,M,IA & Big Data,L2
ETU1478,Doe,Koffi,19.0,F,Informatique & Systèmes,L1
ETU1479,Kossi,Eyram,18.0,M,Logistique & Transport,L1
ETU1480,Adjei,Mawuli,25.0,F,Génie Électrique,L2
ETU1481,Kouassi,Mawuli,17.0,,IA & Big Data,L1
ETU1482,Adjei,Akossiwa,20.0,F,IA & Big Data,L1
ETU1483,Agbeko,Eyram,23.0,M,Informatique & Systèmes,L1
ETU1484,Amegan,Akossiwa,18.0,M,Génie Civil,L1
ETU1485,Adjei,Koffi,23.0,M,Informatique & Systèmes,L2
ETU1486,Lawson,Dodzi,24.0,M,Génie Civil,L2
ETU1487,Tchalla,Yao,23.0,M,Génie Civil,L2
ETU1488,Agbeko,Ama,20.0,,IA & Big Data,L1
ETU1489,Doe,Sena,17.0,M,Génie Électrique,L2
ETU1490,Assogba,Yao,25.0,F,Logistique & Transport,L1
ETU1491,Kouassi,Eyram,20.0,F,Informatique & Systèmes,L2
ETU1492,Agbeko,Kodjo,25.0,M,IA & Big Data,L2
ETU1493,Doe,Koffi,18.0,F,Logistique & Transport,L2
ETU1494,Adjei,Dodzi,18.0,F,Logistique & Transport,L2
ETU1495,Amegan,Afi,24.0,M,Génie Électrique,L3
ETU1496,Kossi,Yao,26.0,M,Génie Électrique,L2
ETU1497,Lawson,Sena,25.0,F,IA & Big Data,L2
ETU1498,Assogba,Afi,24.0,F,Génie Civil,L2
ETU1499,Amegan,Koffi,19.0,F,Génie Électrique,L1
ETU1500,Kossi,Mawuli,26.0,F,IA & Big Data,L3
ETU1501,Doe,Kodjo,23.0,F,Génie Civil,L1
ETU1502,Assogba,Sena,18.0,M,Logistique & Transport,L1
ETU1503,Kouassi,Eyram,18.0,F,Génie Civil,L3
ETU1504,Adjei,Sena,25.0,M,Informatique & Systèmes,L2
ETU1505,Amegan,Sena,19.0,F,IA & Big Data,L1
ETU1506,Tchalla,Yao,24.0,M,Logistique & Transport,L1
ETU1507,Adjei,Yao,18.0,M,Logistique & Transport,L1
ETU1508,Adjei,Kodjo,19.0,F,Génie Électrique,L2
ETU1509,Adjei,Eyram,19.0,M,Génie Électrique,L1
ETU1510,Assogba,Afi,19.0,F,Informatique & Systèmes,L3
ETU1511,Agbeko,Akossiwa,23.0,M,Informatique & Systèmes,L3
ETU1512,Kouassi,Mawuli,26.0,F,IA & Big Data,L2
ETU1513,Kouassi,Eyram,26.0,F,IA & Big Data,L2
ETU1514,Assogba,Dodzi,24.0,M,IA & Big Data,L1
ETU1515,Kossi,Yao,19.0,F,Génie Civil,L1
ETU1516,Kouassi,Mawuli,26.0,M,IA & Big Data,L2
ETU1517,Mensah,Afi,22.0,F,IA & Big Data,L1
ETU1518,Amegan,Kodjo,22.0,F,Génie Électrique,L1
ETU1519,Tchalla,Akossiwa,24.0,F,IA & Big Data,L1
ETU1520,Lawson,Ama,24.0,M,IA & Big Data,L1
ETU1521,Kossi,Yao,26.0,M,Génie Électrique,L2
ETU1522,Kossi,Afi,22.0,F,Informatique & Systèmes,L2
ETU1523,Kouassi,Eyram,23.0,M,Génie Électrique,L3
ETU1524,Lawson,Eyram,24.0,M,Logistique & Transport,L2
ETU1525,Lawson,Ama,19.0,M,IA & Big Data,L3
ETU1526,Assogba,Sena,20.0,M,Logistique & Transport,L1
ETU1527,Kossi,Koffi,23.0,F,Logistique & Transport,L3
ETU1528,Assogba,Sena,17.0,M,Génie Civil,L2
ETU1529,Assogba,Akossiwa,20.0,M,Génie Électrique,L1
ETU1530,Tchalla,Kodjo,24.0,F,Génie Électrique,L3
ETU1531,Kossi,Mawuli,26.0,M,Génie Électrique,L1
ETU1532,Kossi,Kodjo,22.0,F,Génie Civil,L1
ETU1533,Adjei,Eyram,20.0,M,IA & Big Data,L1
ETU1534,Tchalla,Afi,21.0,F,Logistique & Transport,L1
ETU1535,Kossi,Dodzi,23.0,F,Génie Électrique,L1
ETU1536,Amegan,Sena,22.0,F,Génie Civil,L2
ETU1537,Kossi,Yao,,M,Informatique & Systèmes,L3
ETU1538,Tchalla,Mawuli,22.0,M,IA & Big Data,L1
ETU1539,Mensah,Kodjo,21.0,F,Génie Électrique,L2
ETU1540,Agbeko,Afi,24.0,M,Génie Électrique,L1
ETU1541,Mensah,Ama,25.0,M,Informatique & Systèmes,L3
ETU1542,Kossi,Ama,26.0,M,Informatique & Systèmes,L1
ETU1543,Kossi,Afi,23.0,F,Informatique & Systèmes,L1
ETU1544,Kouassi,Ama,20.0,F,Génie Électrique,L2
ETU1545,Mensah,Dodzi,21.0,F,Informatique & Systèmes,L2
ETU1546,Amegan,Eyram,18.0,F,Logistique & Transport,L3
ETU1547,Tchalla,Mawuli,26.0,M,IA & Big Data,L2
ETU1548,Tchalla,Mawuli,25.0,M,Informatique & Systèmes,L3
ETU1549,Doe,Afi,25.0,M,Informatique & Systèmes,L1
ETU1550,Kouassi,Koffi,20.0,F,Génie Électrique,L1
ETU1551,Lawson,Akossiwa,20.0,M,Génie Électrique,L1
ETU1552,Kouassi,Kodjo,25.0,F,Génie Électrique,L1
ETU1553,Lawson,Dodzi,22.0,F,Logistique & Transport,L1
ETU1554,Assogba,Yao,24.0,M,Informatique & Systèmes,L2
ETU1555,Tchalla,Kodjo,21.0,M,Génie Civil,L1
ETU1556,Agbeko,Akossiwa,21.0,M,IA & Big Data,L2
ETU1557,Kouassi,Ama,23.0,F,Informatique & Systèmes,L2
ETU1558,Agbeko,Ama,25.0,F,Informatique & Systèmes,L2
ETU1559,Kouassi,Akossiwa,20.0,F,IA & Big Data,L2
ETU1560,Tchalla,Koffi,25.0,M,Génie Électrique,L1
ETU1561,Mensah,Koffi,19.0,M,Génie Civil,L1
ETU1562,Amegan,Akossiwa,21.0,M,Génie Civil,L2
ETU1563,Kossi,Yao,26.0,M,Génie Électrique,L2
ETU1564,Kouassi,Afi,26.0,M,Génie Électrique,L1
ETU1565,Adjei,Koffi,26.0,M,Informatique & Systèmes,L1
ETU1566,Adjei,Akossiwa,20.0,F,IA & Big Data,L2
ETU1567,Adjei,Kodjo,25.0,M,IA & Big Data,L2
ETU1568,Doe,Dodzi,26.0,M,Génie Électrique,L1
ETU1569,Tchalla,Sena,26.0,F,Logistique & Transport,L2
ETU1570,Assogba,Eyram,17.0,F,IA & Big Data,L3
ETU1571,Amegan,Akossiwa,24.0,F,Génie Électrique,L1
ETU1572,Adjei,Kodjo,26.0,F,Génie Civil,L3
ETU1573,Mensah,Kodjo,24.0,F,Génie Civil,L1
ETU1574,Mensah,Eyram,19.0,F,Génie Électrique,L2
ETU1575,Lawson,Dodzi,24.0,M,Génie Électrique,L2
ETU1576,Assogba,Dodzi,18.0,F,Génie Civil,L1
ETU1577,Tchalla,Mawuli,21.0,M,Logistique & Transport,L3
ETU1578,Kouassi,Afi,23.0,M,IA & Big Data,L2
ETU1579,Kossi,Afi,21.0,M,Logistique & Transport,L3
ETU1580,Mensah,Dodzi,23.0,M,IA & Big Data,L1
ETU1581,Kouassi,Yao,19.0,F,Génie Civil,L3
ETU1582,Kossi,Akossiwa,23.0,M,IA & Big Data,L3
ETU1583,Mensah,Eyram,23.0,M,IA & Big Data,L2
ETU1584,Amegan,Akossiwa,23.0,M,IA & Big Data,L1
ETU1585,Assogba,Yao,19.0,F,Informatique & Systèmes,L2
ETU1586,Doe,Afi,20.0,M,Informatique & Systèmes,L2
ETU1587,Mensah,Akossiwa,19.0,F,IA & Big Data,L3
ETU1588,Kouassi,Eyram,21.0,F,Informatique & Systèmes,L2
ETU1589,Kouassi,Dodzi,22.0,M,Informatique & Systèmes,L1
ETU1590,Kouassi,Akossiwa,20.0,F,Génie Civil,L1
ETU1591,Assogba,Afi,21.0,M,Logistique & Transport,L2
ETU1592,Adjei,Dodzi,19.0,M,Génie Électrique,L3
ETU1593,Assogba,Mawuli,19.0,F,IA & Big Data,L1
ETU1594,Lawson,Yao,23.0,F,Informatique & Systèmes,L2
ETU1595,Kouassi,Afi,25.0,M,Logistique & Transport,L3
ETU1596,Tchalla,Sena,19.0,M,IA & Big Data,L1
ETU1597,Agbeko,Sena,25.0,M,Informatique & Systèmes,L1
ETU1598,Doe,Koffi,22.0,M,Logistique & Transport,L2
ETU1599,Doe,Yao,18.0,F,Logistique & Transport,L2
ETU1600,Doe,Eyram,20.0,F,Informatique & Systèmes,L1
ETU1601,Agbeko,Yao,17.0,F,Génie Électrique,L3
ETU1602,Agbeko,Yao,17.0,M,Informatique & Systèmes,L2
ETU1603,Kossi,Akossiwa,20.0,F,Génie Civil,L3
ETU1604,Kouassi,Ama,21.0,F,IA & Big Data,L3
ETU1605,Tchalla,Ama,24.0,F,IA & Big Data,L3
ETU1606,Lawson,Akossiwa,18.0,M,Génie Électrique,L2
ETU1607,Tchalla,Eyram,25.0,M,IA & Big Data,L1
ETU1608,Assogba,Koffi,19.0,M,Génie Électrique,L2
ETU1609,Kouassi,Yao,18.0,M,Informatique & Systèmes,L1
ETU1610,Kouassi,Koffi,23.0,M,Logistique & Transport,L2
ETU1611,Amegan,Afi,24.0,M,Génie Civil,L1
ETU1612,Agbeko,Yao,23.0,F,Génie Électrique,L2
ETU1613,Lawson,Mawuli,18.0,M,Génie Civil,L1
ETU1614,Doe,Afi,18.0,F,Informatique & Systèmes,L1
ETU1615,Doe,Mawuli,20.0,M,Génie Électrique,L1
ETU1616,Adjei,Sena,21.0,F,IA & Big Data,L2
ETU1617,Adjei,Kodjo,,M,Logistique & Transport,L3
ETU1618,Mensah,Eyram,19.0,M,Génie Civil,L1
ETU1619,Kossi,Kodjo,18.0,F,Logistique & Transport,L3
ETU1620,Amegan,Dodzi,26.0,F,Logistique & Transport,L3
ETU1621,Amegan,Dodzi,18.0,M,Logistique & Transport,L1
ETU1622,Kossi,Afi,17.0,M,IA & Big Data,L2
ETU1623,Amegan,Sena,21.0,F,Logistique & Transport,L1
ETU1624,Doe,Yao,21.0,F,Génie Électrique,L1
ETU1625,Adjei,Eyram,23.0,M,Informatique & Systèmes,L2
ETU1626,Lawson,Sena,25.0,M,Génie Électrique,L1
ETU1627,Lawson,Dodzi,26.0,M,Informatique & Systèmes,L3
ETU1628,Tchalla,Yao,19.0,F,Informatique & Systèmes,L3
ETU1629,Lawson,Mawuli,26.0,M,Informatique & Systèmes,L3
ETU1630,Agbeko,Kodjo,23.0,M,IA & Big Data,L2
ETU1631,Lawson,Ama,17.0,F,Génie Électrique,L2
ETU1632,Amegan,Ama,26.0,M,Logistique & Transport,L3
ETU1633,Lawson,Afi,18.0,M,Génie Électrique,L1
ETU1634,Kossi,Akossiwa,22.0,M,Génie Électrique,L1
ETU1635,Doe,Ama,24.0,M,Informatique & Systèmes,L2
ETU1636,Adjei,Kodjo,19.0,M,Informatique & Systèmes,L1
ETU1637,Adjei,Sena,19.0,M,IA & Big Data,L1
ETU1638,Agbeko,Akossiwa,21.0,F,Génie Civil,L1
ETU1639,Assogba,Dodzi,25.0,F,IA & Big Data,L2
ETU1640,Doe,Mawuli,19.0,M,Génie Civil,L1
ETU1641,Assogba,Afi,23.0,M,Génie Civil,L1
ETU1642,Kouassi,Dodzi,21.0,M,Génie Électrique,L1
ETU1643,Amegan,Kodjo,18.0,F,Logistique & Transport,L1
ETU1644,Agbeko,Ama,24.0,M,Informatique & Systèmes,L3
ETU1645,Lawson,Koffi,25.0,F,Logistique & Transport,L1
ETU1646,Amegan,Dodzi,22.0,M,Génie Civil,L2
ETU1647,Tchalla,Dodzi,18.0,F,Génie Civil,L2
ETU1648,Assogba,Mawuli,18.0,M,Génie Électrique,L1
ETU1649,Kouassi,Ama,21.0,F,Logistique & Transport,L3
ETU1650,Amegan,Yao,22.0,M,Logistique & Transport,L2
ETU1651,Doe,Koffi,22.0,F,Informatique & Systèmes,L2
ETU1652,Adjei,Koffi,19.0,M,Génie Civil,L1
ETU1653,Kouassi,Yao,22.0,F,Génie Civil,L1
ETU1654,Tchalla,Afi,19.0,F,Informatique & Systèmes,L3
ETU1655,Tchalla,Koffi,23.0,F,Logistique & Transport,L3
ETU1656,Agbeko,Dodzi,24.0,M,Informatique & Systèmes,L3
ETU1657,Doe,Kodjo,23.0,M,Génie Électrique,L3
ETU1658,Mensah,Yao,17.0,M,IA & Big Data,L1
ETU1659,Adjei,Afi,26.0,M,IA & Big Data,L3
ETU1660,Kossi,Mawuli,17.0,F,Logistique & Transport,L2
ETU1661,Agbeko,Akossiwa,26.0,F,Informatique & Systèmes,L3
ETU1662,Mensah,Koffi,17.0,F,Informatique & Systèmes,L1
ETU1663,Adjei,Koffi,22.0,M,Informatique & Systèmes,L1
ETU1664,Tchalla,Eyram,18.0,F,Génie Électrique,L2
ETU1665,Doe,Ama,17.0,F,Génie Civil,L3
ETU1666,Tchalla,Sena,23.0,F,Logistique & Transport,L2
ETU1667,Kouassi,Akossiwa,24.0,M,IA & Big Data,L1
ETU1668,Assogba,Mawuli,18.0,M,Génie Électrique,L1
ETU1669,Kossi,Koffi,26.0,F,Informatique & Systèmes,L3
ETU1670,Assogba,Eyram,20.0,M,Génie Électrique,L2
ETU1671,Doe,Sena,20.0,M,Informatique & Systèmes,L2
ETU1672,Doe,Kodjo,19.0,F,Informatique & Systèmes,L2
ETU1673,Mensah,Yao,21.0,F,Informatique & Systèmes,L1
ETU1674,Doe,Dodzi,18.0,F,Génie Électrique,L2
ETU1675,Agbeko,Akossiwa,21.0,F,Génie Électrique,L2
ETU1676,Tchalla,Kodjo,19.0,M,Informatique & Systèmes,L3
ETU1677,Mensah,Akossiwa,17.0,M,Génie Civil,L3
ETU1678,Tchalla,Yao,20.0,M,Génie Civil,L3
ETU1679,Assogba,Kodjo,23.0,M,Informatique & Systèmes,L2
ETU1680,Agbeko,Ama,24.0,M,Génie Civil,L2
ETU1681,Kossi,Koffi,20.0,F,Logistique & Transport,L2
ETU1682,Assogba,Yao,20.0,M,IA & Big Data,L3
ETU1683,Assogba,Ama,24.0,F,Génie Électrique,L2
ETU1684,Kossi,Kodjo,23.0,M,Informatique & Systèmes,L2
ETU1685,Kouassi,Eyram,25.0,M,Génie Civil,L2
ETU1686,Amegan,Ama,26.0,M,IA & Big Data,L2
ETU1687,Tchalla,Koffi,25.0,M,Génie Civil,L2
ETU1688,Amegan,Ama,26.0,F,Informatique & Systèmes,L1
ETU1689,Agbeko,Afi,21.0,M,Génie Électrique,L2
ETU1690,Assogba,Yao,20.0,M,Logistique & Transport,L2
ETU1691,Agbeko,Kodjo,20.0,F,Informatique & Systèmes,L1
ETU1692,Assogba,Koffi,19.0,M,Logistique & Transport,L3
ETU1693,Assogba,Akossiwa,24.0,M,Logistique & Transport,L2
ETU1694,Mensah,Kodjo,24.0,M,Logistique & Transport,L1
ETU1695,Adjei,Kodjo,25.0,M,IA & Big Data,L3
ETU1696,Agbeko,Afi,18.0,F,Génie Civil,L2
ETU1697,Tchalla,Mawuli,21.0,M,IA & Big Data,L2
ETU1698,Mensah,Kodjo,19.0,M,Informatique & Systèmes,L1
ETU1699,Mensah,Eyram,25.0,M,Logistique & Transport,L3
ETU1700,Tchalla,Afi,19.0,F,Génie Civil,L1
ETU1701,Doe,Yao,18.0,M,Génie Électrique,L2
ETU1702,Kossi,Yao,22.0,F,Informatique & Systèmes,L1
ETU1703,Kossi,Akossiwa,25.0,M,Génie Civil,L2
ETU1704,Kossi,Afi,26.0,F,Génie Civil,L2
ETU1705,Tchalla,Yao,17.0,M,Informatique & Systèmes,L2
ETU1706,Mensah,Dodzi,20.0,M,Logistique & Transport,L2
ETU1707,Tchalla,Kodjo,18.0,M,IA & Big Data,L3
ETU1708,Amegan,Eyram,20.0,F,IA & Big Data,L2
ETU1709,Amegan,Sena,22.0,,Génie Électrique,L1
ETU1710,Doe,Akossiwa,19.0,M,Logistique & Transport,L3
ETU1711,Tchalla,Yao,17.0,M,Informatique & Systèmes,L2
ETU1712,Agbeko,Mawuli,22.0,F,Informatique & Systèmes,L3
ETU1713,Agbeko,Akossiwa,17.0,M,IA & Big Data,L3
ETU1714,Assogba,Yao,19.0,M,Logistique & Transport,L3
ETU1715,Agbeko,Dodzi,17.0,M,IA & Big Data,L2
ETU1716,Tchalla,Kodjo,17.0,F,Génie Électrique,L2
ETU1717,Amegan,Koffi,21.0,F,Logistique & Transport,L1
ETU1718,Adjei,Kodjo,25.0,F,IA & Big Data,L2
ETU1719,Tchalla,Kodjo,24.0,F,Génie Électrique,L3
ETU1720,Kossi,Eyram,17.0,M,Génie Électrique,L2
ETU1721,Assogba,Mawuli,17.0,M,Génie Civil,L3
ETU1722,Kouassi,Ama,20.0,M,Informatique & Systèmes,L1
ETU1723,Kossi,Ama,23.0,M,Informatique & Systèmes,L1
ETU1724,Agbeko,Sena,24.0,M,IA & Big Data,L2
ETU1725,Kossi,Koffi,25.0,M,Génie Civil,L2
ETU1726,Agbeko,Akossiwa,20.0,M,Génie Civil,L1
ETU1727,Mensah,Ama,18.0,F,IA & Big Data,L1
ETU1728,Amegan,Koffi,17.0,M,Informatique & Systèmes,L3
ETU1729,Doe,Dodzi,18.0,M,Logistique & Transport,L2
ETU1730,Agbeko,Koffi,17.0,F,IA & Big Data,L1
ETU1731,Amegan,Koffi,25.0,,Informatique & Systèmes,L1
ETU1732,Assogba,Dodzi,19.0,F,Génie Électrique,L2
ETU1733,Agbeko,Ama,25.0,F,Informatique & Systèmes,L1
ETU1734,Adjei,Eyram,22.0,F,Informatique & Systèmes,L2
ETU1735,Doe,Koffi,22.0,M,Informatique & Systèmes,L3
ETU1736,Agbeko,Ama,21.0,M,IA & Big Data,L1
ETU1737,Lawson,Ama,25.0,F,Génie Électrique,L2
ETU1738,Agbeko,Mawuli,17.0,M,Génie Civil,L1
ETU1739,Kouassi,Sena,17.0,M,Génie Électrique,L1
ETU1740,Kouassi,Kodjo,21.0,M,IA & Big Data,L3
ETU1741,Agbeko,Yao,20.0,M,Logistique & Transport,L2
ETU1742,Doe,Koffi,22.0,M,IA & Big Data,L3
ETU1743,Adjei,Afi,24.0,M,Génie Civil,L1
ETU1744,Agbeko,Yao,22.0,F,Informatique & Systèmes,L1
ETU1745,Lawson,Afi,19.0,F,Génie Civil,L2
ETU1746,Tchalla,Sena,,M,IA & Big Data,L2
ETU1747,Lawson,Eyram,24.0,F,IA & Big Data,L3
ETU1748,Lawson,Kodjo,19.0,M,Génie Électrique,L1
ETU1749,Kossi,Koffi,22.0,F,IA & Big Data,L3
ETU1750,Assogba,Yao,22.0,F,IA & Big Data,L3
ETU1751,Kossi,Eyram,24.0,M,Génie Civil,L2
ETU1752,Mensah,Afi,24.0,F,Génie Civil,L1
ETU1753,Assogba,Sena,21.0,F,IA & Big Data,L2
ETU1754,Tchalla,Kodjo,20.0,F,Logistique & Transport,L1
ETU1755,Amegan,Ama,20.0,F,Génie Civil,L3
ETU1756,Agbeko,Eyram,21.0,M,Logistique & Transport,L2
ETU1757,Lawson,Mawuli,19.0,M,Génie Civil,L3
ETU1758,Kossi,Dodzi,23.0,F,Génie Civil,L2
ETU1759,Agbeko,Eyram,19.0,F,Génie Électrique,L2
ETU1760,Kossi,Yao,23.0,F,Génie Électrique,L2
ETU1761,Tchalla,Yao,24.0,M,Logistique & Transport,L2
ETU1762,Assogba,Yao,26.0,M,IA & Big Data,L3
ETU1763,Assogba,Dodzi,18.0,M,Informatique & Systèmes,L1
ETU1764,Lawson,Afi,24.0,F,IA & Big Data,L3
ETU1765,Agbeko,Kodjo,17.0,M,Logistique & Transport,L3
ETU1766,Doe,Dodzi,20.0,F,Informatique & Systèmes,L3
ETU1767,Amegan,Sena,18.0,F,Génie Civil,L2
ETU1768,Kossi,Dodzi,18.0,M,Logistique & Transport,L3
ETU1769,Lawson,Dodzi,18.0,M,Logistique & Transport,L1
ETU1770,Doe,Koffi,17.0,M,IA & Big Data,L3
ETU1771,Assogba,Akossiwa,25.0,F,Génie Civil,L1
ETU1772,Mensah,Mawuli,17.0,F,Logistique & Transport,L1
ETU1773,Agbeko,Eyram,20.0,M,IA & Big Data,L2
ETU1774,Kouassi,Ama,23.0,M,Génie Civil,L1
ETU1775,Assogba,Akossiwa,26.0,M,Informatique & Systèmes,L1
ETU1776,Amegan,Afi,25.0,M,Génie Électrique,L3
ETU1777,Kossi,Mawuli,18.0,F,Génie Électrique,L1
ETU1778,Adjei,Ama,26.0,F,Informatique & Systèmes,L2
ETU1779,Kouassi,Sena,23.0,M,IA & Big Data,L1
ETU1780,Kouassi,Yao,18.0,F,IA & Big Data,L3
ETU1781,Doe,Yao,21.0,M,IA & Big Data,L3
ETU1782,Kossi,Afi,26.0,F,Génie Électrique,L1
ETU1783,Kossi,Kodjo,20.0,M,Informatique & Systèmes,L2
ETU1784,Amegan,Sena,,F,IA & Big Data,L3
ETU1785,Tchalla,Akossiwa,25.0,F,Génie Civil,L3
ETU1786,Mensah,Eyram,26.0,M,Génie Civil,L1
ETU1787,Doe,Koffi,26.0,F,Génie Électrique,L2
ETU1788,Tchalla,Eyram,26.0,F,Logistique & Transport,L3
ETU1789,Mensah,Koffi,25.0,M,Informatique & Systèmes,L1
ETU1790,Mensah,Mawuli,21.0,M,Génie Civil,L3
ETU1791,Amegan,Akossiwa,18.0,F,IA & Big Data,L1
ETU1792,Agbeko,Akossiwa,23.0,M,Génie Civil,L3
ETU1793,Kouassi,Koffi,19.0,M,Logistique & Transport,L1
ETU1794,Amegan,Mawuli,21.0,M,Logistique & Transport,L1
ETU1795,Adjei,Ama,23.0,F,Génie Électrique,L3
ETU1796,Assogba,Sena,26.0,M,Génie Électrique,L3
ETU1797,Amegan,Mawuli,19.0,M,Informatique & Systèmes,L3
ETU1798,Lawson,Eyram,19.0,F,Génie Civil,L3
ETU1799,Amegan,Mawuli,,M,Génie Civil,L2
