age_entrepreneur,niveau_formation,region_togo,budget_demande_fcfa,projet_finance
24.0,Technique/EPL,Savanes,1042771.9143521059,0
32.0,Technique/EPL,Plateaux,2228070.238689539,0
28.0,Universitaire,Savanes,676629.7872237798,0
25.0,Commerciale,Savanes,664396.8863004686,0
24.0,Technique/EPL,Kara,17455730.36925744,0
28.0,Commerciale,Plateaux,1202591.4164641374,0
28.0,Commerciale,Maritime,833530.5533303005,0
21.0,Aucune,Maritime,785296.6198338817,0
25.0,Universitaire,Centrale,881510.4914933213,0
20.0,Universitaire,Maritime,2173607.2946742713,0
19.0,Universitaire,Kara,818349.4058462704,0
29.0,Technique/EPL,Savanes,3012274.561925485,0
23.0,Universitaire,Savanes,901186.9401818163,0
19.0,Technique/EPL,Savanes,3179872.5697839363,0
18.0,Universitaire,Plateaux,1988755.397188663,0
29.0,Universitaire,Maritime,650093.2785218607,0
29.0,Universitaire,Kara,2192467.2548865564,0
34.0,Universitaire,Plateaux,316604.92462804157,0
27.0,Universitaire,Centrale,2790896.367925724,0
33.0,Aucune,Kara,1198704.1006951102,0
32.0,Technique/EPL,Kara,255925.84866656363,0
32.0,Commerciale,Kara,1233545.9421227884,0
29.0,Technique/EPL,Savanes,3859229.5548473317,0
20.0,Aucune,Kara,272356.3659277449,0
22.0,Aucune,Maritime,1008979.467170284,0
24.0,Technique/EPL,Kara,1577510.4518932884,0
26.0,Commerciale,Savanes,1862093.1164287843,0
24.0,Universitaire,Kara,734141.1049602656,0
21.0,Commerciale,Centrale,6425480.403282259,0
31.0,Universitaire,Centrale,243264.84958376247,0
26.0,Technique/EPL,Savanes,1066848.7732575126,0
19.0,Technique/EPL,Maritime,803143.912567105,0
32.0,Universitaire,Maritime,3170930.3040108406,0
24.0,Aucune,Plateaux,262519.129710862,0
29.0,Commerciale,Savanes,1356438.486960844,0
25.0,Commerciale,Kara,225283.1646049501,0
32.0,Technique/EPL,Savanes,388058.99652130494,0
20.0,Commerciale,Plateaux,804365.5379407421,0
31.0,Commerciale,Savanes,806735.4618013045,0
34.0,Universitaire,Savanes,1357409.0626177269,0
21.0,Aucune,Plateaux,2610315.468639268,0
25.0,Technique/EPL,Maritime,1218966.407484187,0
21.0,Universitaire,Kara,3269058.0438936744,0
19.0,Technique/EPL,Plateaux,2333818.658821524,0
,Aucune,Centrale,1078272.1725827605,0
27.0,Universitaire,Maritime,1994514.9676421962,0
21.0,Aucune,Centrale,1228837.0322302743,0
29.0,Universitaire,Maritime,281815.26121947734,0
19.0,Commerciale,Kara,1549248.0227435792,0
27.0,Commerciale,Kara,299719.17052920145,0
21.0,Technique/EPL,Savanes,1101606.033198262,0
31.0,Commerciale,Centrale,1412812.4452795947,0
33.0,Aucune,Maritime,268843.89138238324,0
32.0,Aucune,Kara,462397.31511814904,0
25.0,Universitaire,Plateaux,2673044.0762979346,0
31.0,Technique/EPL,Kara,1157932.0521399337,0
25.0,Technique/EPL,Plateaux,482742.3182324953,0
33.0,Universitaire,Maritime,1373378.1993864311,0
30.0,Aucune,Kara,1108264.0816971245,0
32.0,Technique/EPL,Kara,896303.556513546,0
30.0,Technique/EPL,Maritime,3937522.578593749,0
26.0,Universitaire,Kara,1350286.0051148797,0
32.0,Universitaire,Plateaux,670709.6538911507,0
30.0,Technique/EPL,Kara,1809805.1402383174,0
18.0,Technique/EPL,Centrale,2359206.160007426,0
24.0,Aucune,Savanes,333783.49241824134,0
26.0,Aucune,Plateaux,423835.0126250745,0
18.0,Universitaire,Centrale,443635.8530190389,0
29.0,Technique/EPL,Maritime,1375099.7043948525,0
25.0,Aucune,Plateaux,1123918.6381537528,0
28.0,Universitaire,Savanes,1164933.7642018013,0
34.0,Universitaire,Savanes,3026382.8200121364,0
25.0,Universitaire,Maritime,1695714.3622719592,0
20.0,Technique/EPL,Maritime,336893.523413677,0
20.0,Technique/EPL,Plateaux,626954.994135662,0
18.0,Technique/EPL,Kara,771626.5095522049,0
22.0,Aucune,Maritime,704117.4882806514,0
27.0,Universitaire,Kara,1306569.692480761,0
24.0,Commerciale,Centrale,2424634.756710315,0
26.0,Universitaire,Savanes,565357.4761569167,0
24.0,Universitaire,Kara,1002687.8351066976,0
26.0,Technique/EPL,Savanes,1757839.4187141364,0
25.0,Universitaire,Kara,738227.7543145459,0
29.0,Technique/EPL,Centrale,384064.82949037384,0
19.0,Universitaire,Maritime,844263.6212543524,0
18.0,Technique/EPL,Centrale,256805.85090194893,0
33.0,Aucune,Maritime,3053945.495625741,0
22.0,Technique/EPL,Maritime,277768.26846703177,0
20.0,Commerciale,Savanes,777066.4200642867,0
29.0,Technique/EPL,Centrale,954769.9802032695,0
25.0,Aucune,Kara,4420168.519000889,0
20.0,Technique/EPL,Centrale,381548.0444032466,0
18.0,Universitaire,Savanes,321525.4883434095,0
20.0,Universitaire,Maritime,208744.26697385387,0
22.0,Universitaire,Savanes,369095.13703969505,0
32.0,Aucune,Plateaux,432276.35250876483,0
31.0,Universitaire,Plateaux,1195823.619648819,0
20.0,Technique/EPL,Kara,448085.5201802552,0
18.0,Commerciale,Savanes,220734.29218507465,0
22.0,Universitaire,Kara,1952260.0189783874,0
,Aucune,Kara,655068.8322089969,0
24.0,Aucune,Plateaux,636486.3599752823,0
26.0,Aucune,Kara,560222.700029515,0
32.0,Technique/EPL,Plateaux,3903923.1307742004,0
32.0,Technique/EPL,Maritime,386468.64485994866,0
27.0,Universitaire,Savanes,2485119.1539545166,0
30.0,Technique/EPL,Kara,1699701.977528569,0
24.0,Technique/EPL,Plateaux,279562.7746507386,0
,Aucune,Centrale,4522181.72387582,0
21.0,Aucune,Kara,516583.6806195736,0
22.0,Commerciale,Maritime,303787.22839287977,0
,Technique/EPL,Maritime,1967931.0394527526,0
30.0,Universitaire,Centrale,1426475.8890815875,0
32.0,Commerciale,Plateaux,1160291.7477728666,0
28.0,Universitaire,Kara,369580.11130072,0
21.0,Commerciale,Plateaux,851038.5573129752,0
30.0,Technique/EPL,Maritime,1716658.3268259089,0
24.0,Commerciale,Plateaux,561865.4458084881,0
19.0,Aucune,Maritime,573515.7119956542,0
27.0,Aucune,Plateaux,203145.8490465665,0
30.0,Universitaire,Centrale,391455.2240018735,0
23.0,Commerciale,Savanes,2282691.8190879533,0
29.0,Commerciale,Centrale,782942.1037096644,0
29.0,Aucune,Centrale,4349931.222102273,0
28.0,Technique/EPL,Savanes,703697.693880826,0
24.0,Commerciale,Savanes,1455920.5401126433,0
18.0,Technique/EPL,Kara,531172.9626755405,0
18.0,Universitaire,Kara,652257.4540430544,0
30.0,Commerciale,Centrale,411617.7141920215,0
26.0,Technique/EPL,Centrale,626273.6649859736,0
20.0,Technique/EPL,Maritime,992387.6186462967,0
24.0,Technique/EPL,Maritime,5000319.383809852,0
23.0,Technique/EPL,Kara,1291244.6358162286,0
25.0,Commerciale,Kara,422201.438252512,0
26.0,Technique/EPL,Maritime,246003.56401966207,0
22.0,Commerciale,Maritime,335082.85988712806,0
18.0,Aucune,Plateaux,1026804.7554835133,0
27.0,Commerciale,Plateaux,1648852.247960724,0
29.0,Technique/EPL,Maritime,3020422.0269977762,0
32.0,Aucune,Plateaux,215949.69481931606,0
26.0,Aucune,Savanes,939736.066600744,0
34.0,Universitaire,Kara,836516.1341753276,0
34.0,Universitaire,Kara,1267273.5820055115,0
29.0,Commerciale,Maritime,1020023.8609023918,0
24.0,Aucune,Centrale,1361677.177998521,0
19.0,Aucune,Maritime,1273186.0469543508,0
20.0,Universitaire,Plateaux,324443.35690115637,0
34.0,Technique/EPL,Centrale,1808028.474252502,0
22.0,Technique/EPL,Plateaux,331513.5164397112,0
34.0,Commerciale,Savanes,1399086.844123812,0
34.0,Commerciale,Plateaux,738103.244331756,0
34.0,Commerciale,Savanes,921239.5717357333,0
19.0,Universitaire,Savanes,2536121.3428734215,0
19.0,Technique/EPL,Plateaux,2406218.439395527,0
,Technique/EPL,Plateaux,1902959.3740517278,0
18.0,Universitaire,Savanes,913652.7509936712,0
18.0,Commerciale,Centrale,1532714.9603744904,0
19.0,Aucune,Savanes,919279.7932665584,0
29.0,Technique/EPL,Kara,2237195.27532271,0
23.0,Aucune,Savanes,715462.7473456725,0
21.0,Universitaire,Centrale,3714433.6435801922,0
28.0,Commerciale,Kara,2893005.318487412,0
34.0,Universitaire,Maritime,23298849.664835766,0
23.0,Technique/EPL,Maritime,527693.1238975945,0
22.0,Commerciale,Centrale,341164.55268551223,0
19.0,Universitaire,Savanes,2128978.4533071984,0
,Aucune,Plateaux,380685.6390029973,0
28.0,Technique/EPL,Centrale,2125936.4804868884,0
33.0,Technique/EPL,Kara,874845.6925712958,0
33.0,Aucune,Kara,721813.7456817087,0
18.0,Commerciale,Maritime,2535013.029261643,0
26.0,Technique/EPL,Kara,1125964.8317968016,0
23.0,Commerciale,Centrale,1059471.0033267627,0
33.0,Technique/EPL,Kara,1018179.8065136337,0
20.0,Aucune,Centrale,663893.5594295342,0
21.0,Technique/EPL,Plateaux,1740112.9125771432,0
20.0,Aucune,Maritime,491420.3096496684,0
24.0,Technique/EPL,Kara,2995160.929156949,0
26.0,Commerciale,Centrale,2444176.619581086,0
18.0,Universitaire,Savanes,611705.0244682165,0
25.0,Universitaire,Maritime,1507349.2518887292,0
24.0,Aucune,Plateaux,1051494.106039697,0
25.0,Aucune,Centrale,611960.108027759,0
18.0,Aucune,Plateaux,4667292.452005864,0
28.0,Universitaire,Plateaux,225561.2692578261,0
27.0,Aucune,Kara,491216.3514929747,0
20.0,Technique/EPL,Kara,934123.4809663047,0
24.0,Universitaire,Centrale,938046.2322411829,0
,Technique/EPL,Savanes,1088999.2430597045,0
33.0,Aucune,Centrale,1593021.6266056146,0
34.0,Technique/EPL,Savanes,1176778.3503928513,0
19.0,Commerciale,Plateaux,1116994.6308730308,0
18.0,Universitaire,Maritime,254999.58886476594,0
33.0,Technique/EPL,Centrale,672455.0920897409,0
29.0,Aucune,Centrale,464038.1262042364,0
22.0,Commerciale,Savanes,508388.45979475696,0
22.0,Universitaire,Plateaux,1008193.2823050354,0
26.0,Technique/EPL,Plateaux,422525.3860797247,0
26.0,Commerciale,Savanes,548067.94921069,0
20.0,Technique/EPL,Plateaux,470608.2741981679,0
33.0,Universitaire,Kara,3166230.6228134213,0
33.0,Universitaire,Maritime,3094362.8909621285,0
20.0,Technique/EPL,Centrale,1141458.7013310841,0
18.0,Commerciale,Maritime,2783920.2661165693,0
,Universitaire,Centrale,1740904.1585112314,0
34.0,Universitaire,Kara,1091471.012244686,0
25.0,Aucune,Plateaux,206456.00673280226,0
21.0,Aucune,Savanes,1680676.6303158307,0
,Technique/EPL,Kara,1412301.8668263599,0
25.0,Universitaire,Maritime,1155171.0015191808,0
20.0,Technique/EPL,Savanes,1628885.8856789959,0
33.0,Universitaire,Plateaux,919331.3427458439,0
20.0,Universitaire,Kara,1417677.1862680933,0
31.0,Aucune,Savanes,2936019.00798091,0
19.0,Universitaire,Kara,671292.4848171003,0
20.0,Aucune,Kara,1431418.8065942181,0
33.0,Commerciale,Plateaux,845668.0049052318,0
26.0,Technique/EPL,Centrale,1322084.575486945,0
,Aucune,Savanes,1639245.1781420088,0
18.0,Technique/EPL,Plateaux,246517.8732365931,0
21.0,Technique/EPL,Kara,1240155.9753187841,0
18.0,Universitaire,Plateaux,457141.4667796431,0
31.0,Universitaire,Centrale,1308761.2287997222,0
33.0,Universitaire,Savanes,831732.6325751191,0
25.0,Aucune,Centrale,1685243.2170898134,0
24.0,Aucune,Maritime,331705.4209608956,0
20.0,Aucune,Savanes,1184361.7560434625,0
34.0,Universitaire,Centrale,526382.3318441592,0
18.0,Commerciale,Kara,2117200.2189592794,0
33.0,Technique/EPL,Savanes,2836429.863338222,0
29.0,Aucune,Savanes,87395213.5165803,0
31.0,Universitaire,Plateaux,1789671.5722045398,0
23.0,Commerciale,Kara,1601343.3124049169,0
23.0,Universitaire,Maritime,442709.6741359052,0
30.0,Commerciale,Centrale,609483.7605714127,0
25.0,Technique/EPL,Plateaux,826765.1255798881,0
19.0,Aucune,Centrale,1684485.2965610551,0
18.0,Commerciale,Maritime,2664702.51578841,0
32.0,Universitaire,Maritime,409658.75625184807,0
18.0,Technique/EPL,Savanes,2755768.9275707603,0
22.0,Universitaire,Maritime,1389493.642982676,0
33.0,Commerciale,Centrale,1143586.7277082242,0
21.0,Universitaire,Kara,422945.16009747307,0
20.0,Universitaire,Kara,257126.09616009457,0
34.0,Technique/EPL,Savanes,1040406.4241610267,0
34.0,Universitaire,Centrale,1254162.0521726534,0
29.0,Universitaire,Centrale,436711.9994772489,0
31.0,Commerciale,Maritime,1012958.735378117,0
23.0,Commerciale,Centrale,2141374.271059248,0
20.0,Commerciale,Plateaux,2002209.5543950314,0
26.0,Aucune,Maritime,2822173.200335656,0
22.0,Universitaire,Plateaux,655526.2296539482,0
34.0,Universitaire,Savanes,582798.3108053122,0
31.0,Universitaire,Kara,1584001.0167687149,0
20.0,Universitaire,Savanes,764072.4128719689,0
,Commerciale,Kara,291620.5253890124,0
18.0,Technique/EPL,Savanes,532402.1137589548,0
20.0,Universitaire,Centrale,742285.8226794316,0
27.0,Aucune,Plateaux,546040.8659550959,0
20.0,Technique/EPL,Kara,603774.8937465553,0
25.0,Universitaire,Maritime,547822.6785031338,0
31.0,Universitaire,Plateaux,242384.8476215722,0
32.0,Technique/EPL,Maritime,1213613.3625672795,0
19.0,Aucune,Plateaux,1109544.5892344895,0
27.0,Universitaire,Plateaux,1259536.2931359585,0
19.0,Aucune,Savanes,413576.8287243676,0
34.0,Aucune,Kara,550486.3352450515,0
25.0,Aucune,Kara,1166573.818127815,0
18.0,Aucune,Plateaux,1115360.0862090057,0
26.0,Aucune,Centrale,905888.6278527982,0
28.0,Technique/EPL,Centrale,631418.8875258799,0
33.0,Technique/EPL,Maritime,2641054.426057628,0
24.0,Commerciale,Maritime,615167.3868115593,0
27.0,Universitaire,Savanes,808106.1969893584,0
20.0,Universitaire,Plateaux,1333557.3082180764,0
30.0,Aucune,Maritime,983118.7838631547,0
24.0,Technique/EPL,Maritime,626003.5498869448,0
21.0,Universitaire,Plateaux,772071.4215723587,0
30.0,Aucune,Savanes,1782215.905623548,0
18.0,Technique/EPL,Maritime,525909.0418067984,0
25.0,Universitaire,Savanes,353448.7060081594,0
31.0,Universitaire,Kara,575658.5722295642,0
33.0,Aucune,Savanes,2094019.5660746577,0
31.0,Technique/EPL,Centrale,293201.0918367842,0
29.0,Universitaire,Centrale,4991026.788393859,0
32.0,Aucune,Savanes,978711.3846880777,0
19.0,Universitaire,Centrale,4389473.860214733,0
19.0,Universitaire,Kara,2996822.7622006866,0
34.0,Commerciale,Plateaux,802965.9755078168,0
27.0,Technique/EPL,Centrale,421259.17113096325,0
,Commerciale,Centrale,380185.57151376206,0
,Universitaire,Savanes,474422.85089173744,0
28.0,Technique/EPL,Kara,1438331.8418893549,0
22.0,Aucune,Plateaux,518760.02077621897,0
18.0,Universitaire,Savanes,617677.2784432913,0
25.0,Technique/EPL,Savanes,795619.1057306981,0
29.0,Technique/EPL,Kara,2644525.2307620537,0
29.0,Aucune,Plateaux,409972.4447676593,0
22.0,Commerciale,Kara,205039.22821962612,0
24.0,Universitaire,Plateaux,261977.9732102539,0
21.0,Universitaire,Kara,2551421.845889954,0
23.0,Technique/EPL,Savanes,1242751.3665962007,0
30.0,Aucune,Savanes,518884.6755374778,0
32.0,Universitaire,Maritime,395033.007257496,0
20.0,Technique/EPL,Centrale,548517.9268121507,0
25.0,Aucune,Kara,321938.1995632782,0
33.0,Universitaire,Maritime,3039291.252010424,0
30.0,Commerciale,Centrale,1733431.8380839485,0
27.0,Universitaire,Kara,820624.0779148308,0
34.0,Universitaire,Plateaux,2202203.539754236,0
22.0,Commerciale,Centrale,486959.93897724216,0
26.0,Technique/EPL,Savanes,1462734.5091226657,0
29.0,Universitaire,Maritime,2138862.5350273605,0
18.0,Commerciale,Centrale,641250.9174361886,0
18.0,Aucune,Centrale,1616606.9626537052,0
32.0,Universitaire,Savanes,549660.1045059182,0
19.0,Universitaire,Kara,555043.6113698953,0
33.0,Universitaire,Plateaux,313232.7298915597,0
25.0,Universitaire,Savanes,779922.1551065083,0
30.0,Commerciale,Plateaux,1508266.8758649803,0
18.0,Universitaire,Kara,3017097.597815753,0
33.0,Aucune,Centrale,1125828.5524423588,0
24.0,Commerciale,Plateaux,2188764.169398766,0
22.0,Technique/EPL,Maritime,1928754.525677222,0
20.0,Technique/EPL,Maritime,390365.4861917285,0
29.0,Technique/EPL,Savanes,865176.8799263424,0
33.0,Technique/EPL,Kara,324343.4858934297,0
22.0,Technique/EPL,Savanes,1346185.6523587524,0
31.0,Commerciale,Savanes,3193727.649078431,0
22.0,Universitaire,Savanes,347444.2526909028,0
32.0,Universitaire,Maritime,1523819.7088046693,0
34.0,Aucune,Maritime,1200319.699402018,0
31.0,Commerciale,Savanes,1076121.0388757258,0
22.0,Commerciale,Maritime,694493.4472891876,0
29.0,Universitaire,Kara,638709.0880633045,0
33.0,Aucune,Savanes,246304.90345962986,0
33.0,Aucune,Maritime,445783.8038848572,0
24.0,Technique/EPL,Plateaux,215293.22986144785,0
21.0,Aucune,Savanes,1070880.333594054,0
18.0,Technique/EPL,Savanes,311885.3515976686,0
22.0,Commerciale,Kara,2263720.9130801386,0
27.0,Technique/EPL,Centrale,940538.6667995984,0
22.0,Aucune,Centrale,1402939.7016893125,0
21.0,Technique/EPL,Kara,729086.496305908,0
19.0,Aucune,Kara,1022299.1687925187,0
,Aucune,Kara,3058742.4650657545,0
18.0,Technique/EPL,Centrale,286357.8156513806,0
22.0,Technique/EPL,Kara,492946.2666053864,0
30.0,Universitaire,Maritime,1714074.674539855,0
21.0,Commerciale,Savanes,303958.3956239915,0
33.0,Technique/EPL,Savanes,278676.5039178255,0
33.0,Technique/EPL,Plateaux,648698.4431276994,0
19.0,Commerciale,Plateaux,296695.89378229296,0
34.0,Technique/EPL,Savanes,1079665.7939818169,0
29.0,Aucune,Maritime,456539.0898507052,0
20.0,Commerciale,Centrale,2460464.38887627,0
18.0,Aucune,Centrale,1730165.1049588616,0
18.0,Universitaire,Maritime,1402990.6404717204,0
28.0,Universitaire,Centrale,1159574.1578800688,0
22.0,Technique/EPL,Kara,2191179.636097853,0
29.0,Technique/EPL,Savanes,452394.8050899317,0
20.0,Universitaire,Savanes,2264425.5896229995,0
18.0,Aucune,Maritime,1758233.0394698572,0
18.0,Technique/EPL,Centrale,1578964.5951581234,0
25.0,Universitaire,Plateaux,1023838.4457671115,0
27.0,Universitaire,Plateaux,482686.78433141037,0
28.0,Aucune,Centrale,750863.0580644953,0
29.0,Commerciale,Plateaux,1777797.0778589244,0
,Technique/EPL,Maritime,232294.37941125134,0
29.0,Commerciale,Maritime,1723493.1298463286,0
31.0,Universitaire,Centrale,474529.92962283734,0
19.0,Universitaire,Plateaux,355846.1838908002,0
20.0,Technique/EPL,Maritime,322960.3980498705,0
34.0,Commerciale,Maritime,227628.17940307182,0
25.0,Aucune,Kara,941469.0733505861,0
27.0,Universitaire,Kara,446232.9116893683,0
19.0,Aucune,Maritime,4749902.548838858,0
26.0,Technique/EPL,Centrale,1054341.7071658429,0
24.0,Technique/EPL,Savanes,348366.9189803393,0
21.0,Commerciale,Savanes,1367199.1237783774,0
30.0,Commerciale,Maritime,2480271.5668182666,0
28.0,Aucune,Maritime,1567195.885090287,0
21.0,Aucune,Maritime,279519.3607694889,0
,Universitaire,Centrale,2462251.3571021687,0
27.0,Technique/EPL,Kara,1779536.3818430773,0
22.0,Aucune,Maritime,372336.2563806814,0
26.0,Universitaire,Maritime,253174.94646161847,0
,Universitaire,Plateaux,1014886.8277478213,0
34.0,Commerciale,Centrale,369645.21578398196,0
20.0,Technique/EPL,Maritime,1999333.7977390408,0
33.0,Technique/EPL,Plateaux,643688.3832759543,0
21.0,Universitaire,Savanes,2640611.656481169,0
34.0,Universitaire,Maritime,1033992.5055064417,0
24.0,Universitaire,Maritime,401715.26601788035,0
22.0,Universitaire,Plateaux,350356.5651782246,0
29.0,Technique/EPL,Centrale,1059136.6844995474,0
34.0,Commerciale,Maritime,1634995.6990567537,0
30.0,Technique/EPL,Savanes,1720995.1125708593,0
20.0,Aucune,Maritime,522628.86598353204,0
26.0,Universitaire,Savanes,428466.1398306391,0
34.0,Technique/EPL,Kara,216898.27958234056,0
34.0,Aucune,Kara,1336934.7571116365,0
33.0,Commerciale,Savanes,279658.3948341774,0
30.0,Technique/EPL,Centrale,746040.4542527145,0
34.0,Universitaire,Maritime,1120505.0095267359,0
21.0,Technique/EPL,Maritime,2966351.3339682617,0
29.0,Universitaire,Kara,573678.890761283,0
26.0,Aucune,Savanes,487378.3351799764,0
29.0,Technique/EPL,Maritime,1261779.4847427378,0
26.0,Commerciale,Maritime,1165583.4814591333,0
24.0,Universitaire,Centrale,603631.4652214668,0
31.0,Technique/EPL,Plateaux,2832504.5432289327,0
32.0,Technique/EPL,Kara,2063442.3465434415,0
33.0,Commerciale,Kara,453580.2666099637,0
22.0,Universitaire,Plateaux,473309.2519831577,0
20.0,Universitaire,Maritime,918055.5275378217,0
29.0,Universitaire,Centrale,1685328.7146737329,0
21.0,Aucune,Centrale,245039.6046768213,0
33.0,Aucune,Kara,1381999.8337162142,0
24.0,Universitaire,Centrale,1244794.4910609738,0
30.0,Aucune,Plateaux,463288.81642084615,0
27.0,Technique/EPL,Maritime,1343671.4135394108,0
24.0,Commerciale,Plateaux,3016468.57478081,0
31.0,Universitaire,Savanes,247915.68385917466,0
22.0,Universitaire,Kara,585150.9282832677,0
20.0,Universitaire,Centrale,776567.9210026687,0
28.0,Universitaire,Savanes,2495215.901552552,0
28.0,Aucune,Centrale,3477073.070702632,0
32.0,Technique/EPL,Maritime,787194.2840876828,0
29.0,Technique/EPL,Maritime,1586408.0161471432,0
26.0,Technique/EPL,Maritime,958562.9370535281,0
27.0,Universitaire,Centrale,971720.6600176871,0
29.0,Technique/EPL,Savanes,525867.9820909617,0
34.0,Technique/EPL,Maritime,444566.70442981063,0
23.0,Technique/EPL,Savanes,539684.8759186314,0
24.0,Aucune,Centrale,1012669.7446474296,0
31.0,Technique/EPL,Savanes,229588.64428956556,0
30.0,Aucune,Centrale,38667542.93935903,0
,Aucune,Centrale,369938.9896524963,0
27.0,Aucune,Kara,448575.0540581533,0
,Technique/EPL,Centrale,930384.3093292514,0
19.0,Universitaire,Centrale,1438270.1803203463,0
22.0,Technique/EPL,Plateaux,300626.2452933882,0
22.0,Technique/EPL,Maritime,582278.0637519447,0
23.0,Universitaire,Kara,3663326.1868780674,0
25.0,Aucune,Kara,504276.2870350528,0
33.0,Commerciale,Kara,575493.980782079,0
30.0,Universitaire,Plateaux,2010933.056993456,0
18.0,Technique/EPL,Centrale,251519.03743449523,0
34.0,Universitaire,Maritime,824765.7444048966,0
24.0,Aucune,Savanes,677417.8700494807,0
,Universitaire,Centrale,580655.565635311,0
21.0,Technique/EPL,Plateaux,536451.6684954087,0
21.0,Commerciale,Centrale,295821.82601937925,0
23.0,Aucune,Centrale,578082.2093192325,0
29.0,Universitaire,Plateaux,244006.64630706783,0
24.0,Universitaire,Kara,1718518.556587867,0
27.0,Aucune,Kara,707876.3005619638,0
24.0,Technique/EPL,Maritime,786814.0362346118,0
20.0,Universitaire,Maritime,2440498.8241408104,0
30.0,Commerciale,Kara,1273105.326368696,0
30.0,Technique/EPL,Savanes,208091.7534541975,0
25.0,Universitaire,Centrale,3067775.7937408597,0
26.0,Commerciale,Savanes,470686.6050449802,0
24.0,Commerciale,Centrale,313856.71161940496,0
18.0,Aucune,Kara,1661570.5530173795,0
20.0,Universitaire,Maritime,894102.2682444549,0
30.0,Technique/EPL,Maritime,768755.9225230869,0
34.0,Commerciale,Savanes,487019.7314250235,0
18.0,Technique/EPL,Maritime,992904.5119978101,0
23.0,Aucune,Kara,520735.1637615549,0
23.0,Universitaire,Savanes,2518541.77933939,0
29.0,Technique/EPL,Centrale,442332.078868061,0
30.0,Commerciale,Maritime,2357231.42614943,0
30.0,Commerciale,Plateaux,1019630.1590958837,0
32.0,Universitaire,Maritime,1963102.8246544553,0
33.0,Aucune,Centrale,1447736.6073530866,0
28.0,Universitaire,Savanes,1393016.7465037073,0
22.0,Aucune,Centrale,592073.8836701902,0
21.0,Aucune,Plateaux,466438.5640793184,0
20.0,Commerciale,Kara,436844.7704086039,0
32.0,Technique/EPL,Maritime,2146251.8068308053,0
26.0,Technique/EPL,Savanes,1917172.4675561213,0
34.0,Commerciale,Kara,780843.1772250799,0
31.0,Technique/EPL,Centrale,342029.8175821158,0
32.0,Technique/EPL,Savanes,681675.0795712292,0
18.0,Commerciale,Kara,1165857.7648374126,0
20.0,Aucune,Savanes,805874.9541410664,0
33.0,Universitaire,Plateaux,1714988.414196257,0
28.0,Commerciale,Plateaux,6241841.314849345,0
29.0,Commerciale,Maritime,412119.6489858922,0
27.0,Universitaire,Maritime,815539.718139031,0
33.0,Technique/EPL,Plateaux,763846.5533769664,0
,Technique/EPL,Savanes,563113.5311542782,0
23.0,Commerciale,Plateaux,420765.7763633455,0
,Commerciale,Maritime,267949.25533983536,0
25.0,Universitaire,Plateaux,2381423.922764327,0
21.0,Technique/EPL,Plateaux,744466.3434032329,0
25.0,Aucune,Savanes,886957.4137528206,0
22.0,Aucune,Kara,2688216.700377048,0
26.0,Universitaire,Maritime,1697406.8432916817,0
21.0,Technique/EPL,Savanes,339838.39903265634,0
34.0,Commerciale,Plateaux,1033375.1570099234,0
26.0,Universitaire,Plateaux,783848.5272906608,0
18.0,Aucune,Kara,1795589.6072702715,0
30.0,Universitaire,Maritime,1488197.332232794,0
33.0,Technique/EPL,Maritime,1372492.6190622617,0
30.0,Universitaire,Centrale,616341.2931841533,0
31.0,Universitaire,Maritime,1834569.739761324,0
20.0,Commerciale,Kara,253813.6210018958,0
23.0,Commerciale,Centrale,373906.94090264686,0
22.0,Technique/EPL,Centrale,608905.9304204969,0
,Aucune,Plateaux,279917.4433444948,0
19.0,Universitaire,Plateaux,467871.9648367705,0
27.0,Aucune,Maritime,1972845.3718395573,0
30.0,Technique/EPL,Centrale,3161360.563028505,0
22.0,Aucune,Plateaux,563271.4470675373,0
,Universitaire,Kara,507226.22657984815,0
18.0,Aucune,Plateaux,528354.9839832722,0
32.0,Universitaire,Plateaux,525341.1400682786,0
34.0,Commerciale,Centrale,236591.56187587843,0
28.0,Aucune,Centrale,2816150.553252825,0
34.0,Aucune,Savanes,440414.51647522324,0
30.0,Technique/EPL,Kara,744734.1997446268,0
18.0,Commerciale,Centrale,209734.1057998673,0
19.0,Technique/EPL,Maritime,2151612.0102193262,0
26.0,Technique/EPL,Kara,1513628.9941390855,0
20.0,Aucune,Kara,3132870.8174110455,0
18.0,Universitaire,Centrale,1721497.9130645576,0
,Technique/EPL,Kara,576449.9177502826,0
23.0,Universitaire,Centrale,484850.5632647416,0
34.0,Commerciale,Plateaux,1396389.3235849605,0
22.0,Technique/EPL,Savanes,652734.0505638212,0
22.0,Commerciale,Plateaux,1035206.2956481543,0
23.0,Aucune,Centrale,206277.1310559139,0
20.0,Commerciale,Centrale,263883.4841803033,0
22.0,Universitaire,Plateaux,966509.4579735908,0
22.0,Commerciale,Maritime,1034875.8424915398,0
27.0,Aucune,Maritime,1592123.0930589754,0
27.0,Aucune,Maritime,341523.61076966615,0
34.0,Technique/EPL,Centrale,919867.168589165,0
31.0,Technique/EPL,Kara,416227.0808754842,0
26.0,Technique/EPL,Centrale,297829.08109313605,0
31.0,Technique/EPL,Kara,728473.4242728347,0
,Aucune,Plateaux,5675002.460875445,0
30.0,Technique/EPL,Savanes,450748.5603759049,0
30.0,Commerciale,Kara,582072.7256255981,0
21.0,Technique/EPL,Maritime,500278.9486528123,0
18.0,Aucune,Centrale,291667.25048274297,0
34.0,Technique/EPL,Plateaux,294218.64509082306,0
25.0,Aucune,Maritime,414740.72320888843,0
19.0,Commerciale,Plateaux,251882.08659644597,0
25.0,Aucune,Savanes,1184722.2065369943,0
24.0,Universitaire,Centrale,538732.1915090622,0
19.0,Commerciale,Centrale,528151.3066563162,0
20.0,Commerciale,Savanes,603464.5519124719,0
29.0,Universitaire,Centrale,1287068.0037153647,0
18.0,Commerciale,Kara,2245108.7664667172,0
29.0,Commerciale,Plateaux,1623319.1265636466,0
22.0,Universitaire,Maritime,1500223.937513424,0
34.0,Universitaire,Savanes,862406.9126420686,0
33.0,Universitaire,Kara,1383534.9440859107,0
,Universitaire,Maritime,1004665.2104884366,0
32.0,Universitaire,Maritime,443665.86095743964,0
22.0,Technique/EPL,Savanes,433937.0518080905,0
31.0,Technique/EPL,Kara,551533.9058581959,0
19.0,Aucune,Maritime,2616904.1834522644,0
28.0,Aucune,Maritime,992779.3354933343,0
24.0,Technique/EPL,Kara,1523903.3078988914,0
23.0,Aucune,Centrale,625502.66551758,0
19.0,Universitaire,Maritime,723768.642197926,0
23.0,Technique/EPL,Plateaux,334177.97720071406,0
19.0,Commerciale,Kara,387890.986702149,0
32.0,Aucune,Maritime,1956526.8218451159,0
19.0,Technique/EPL,Savanes,1079087.995025951,0
23.0,Universitaire,Plateaux,611783.7274302004,0
18.0,Universitaire,Maritime,1823796.5510412196,0
32.0,Aucune,Plateaux,483052.6788331939,0
27.0,Commerciale,Plateaux,3931064.819276881,0
34.0,Commerciale,Centrale,622841.6206538512,0
22.0,Technique/EPL,Plateaux,611449.4096024003,0
21.0,Technique/EPL,Centrale,573838.4049677176,0
27.0,Commerciale,Kara,330235.7047169282,0
34.0,Universitaire,Centrale,317812.32683387975,0
27.0,Universitaire,Savanes,1244422.541475108,0
34.0,Commerciale,Maritime,2280386.344329705,0
22.0,Technique/EPL,Kara,1763129.4454706733,0
19.0,Technique/EPL,Kara,352111.6198154101,0
23.0,Technique/EPL,Savanes,988738.0677014347,0
19.0,Universitaire,Centrale,4673890.866797479,0
30.0,Universitaire,Maritime,246352.513449296,0
28.0,Universitaire,Centrale,1268235.9354253917,0
28.0,Technique/EPL,Plateaux,966045.5263797392,0
33.0,Technique/EPL,Centrale,285583.6895784503,0
28.0,Technique/EPL,Kara,235564.22253262572,0
32.0,Universitaire,Maritime,4781103.467700371,0
33.0,Universitaire,Centrale,230481.19963279372,0
28.0,Aucune,Maritime,787937.5317722403,0
33.0,Commerciale,Maritime,902428.1651828354,0
25.0,Aucune,Plateaux,324747.39689554746,0
21.0,Commerciale,Plateaux,385199.82917627407,0
25.0,Aucune,Kara,633563.7118626046,0
21.0,Universitaire,Savanes,1634123.6671587664,0
20.0,Aucune,Maritime,907413.3076802647,0
20.0,Commerciale,Savanes,1215840.0391169589,0
22.0,Technique/EPL,Kara,4411410.323801596,0
27.0,Aucune,Maritime,1661041.3356644483,0
23.0,Technique/EPL,Maritime,769800.094123287,0
18.0,Aucune,Savanes,791388.603334583,0
22.0,Aucune,Centrale,1164357.8597299904,0
26.0,Commerciale,Plateaux,1294715.5162141912,0
29.0,Technique/EPL,Centrale,894570.0440235692,0
31.0,Universitaire,Savanes,1235246.644248737,0
19.0,Universitaire,Plateaux,223813.8056288028,0
34.0,Universitaire,Centrale,761457.494656059,0
31.0,Aucune,Plateaux,527030.2592180325,0
30.0,Technique/EPL,Maritime,338313.60375366,0
26.0,Universitaire,Centrale,304856.767903118,0
32.0,Commerciale,Plateaux,1124303.1598516793,0
32.0,Technique/EPL,Plateaux,941498.5900167895,0
28.0,Technique/EPL,Plateaux,492472.35019573104,0
33.0,Technique/EPL,Centrale,836672.444722634,0
34.0,Commerciale,Kara,877731.2493544943,0
21.0,Technique/EPL,Centrale,416924.1574501678,0
18.0,Technique/EPL,Savanes,1255820.2541706986,0
25.0,Commerciale,Centrale,1718315.3812678026,0
34.0,Aucune,Plateaux,1767641.3891909425,0
20.0,Aucune,Maritime,1122484.4501664569,0
32.0,Universitaire,Centrale,916699.537652756,0
32.0,Commerciale,Centrale,262947.40683730715,0
31.0,Technique/EPL,Plateaux,539440.4558208059,0
31.0,Technique/EPL,Maritime,297912.1534596628,0
19.0,Technique/EPL,Maritime,3519336.168184621,0
30.0,Technique/EPL,Savanes,345118.4309392151,0
31.0,Universitaire,Centrale,364609.83138227556,0
24.0,Technique/EPL,Maritime,2403433.3770789085,0
20.0,Technique/EPL,Maritime,3081123.7553764665,0
32.0,Technique/EPL,Kara,1651703.8288236193,0
31.0,Universitaire,Kara,205419.58311860828,0
28.0,Universitaire,Maritime,201347.17799347764,0
32.0,Commerciale,Savanes,674977.2086724659,0
,Aucune,Maritime,354778.8087382996,0
23.0,Commerciale,Plateaux,218557.26807261573,0
20.0,Commerciale,Centrale,823745.5461830037,0
32.0,Technique/EPL,Savanes,3065790.5206058286,0
,Technique/EPL,Plateaux,591295.3375190108,0
27.0,Technique/EPL,Savanes,1282170.2383455948,0
24.0,Technique/EPL,Plateaux,1256229.3301078083,0
34.0,Technique/EPL,Centrale,489123.24866774253,0
24.0,Aucune,Centrale,1251037.8598451186,0
29.0,Technique/EPL,Kara,438681.10420073045,0
34.0,Commerciale,Plateaux,330117.1290921095,0
30.0,Technique/EPL,Kara,1408594.4194211748,0
21.0,Commerciale,Plateaux,320407.395520169,0
27.0,Universitaire,Kara,5979331.3363384,0
20.0,Commerciale,Centrale,402670.07206774893,0
26.0,Universitaire,Savanes,1101751.596096578,0
30.0,Aucune,Kara,729965.2423024625,0
32.0,Universitaire,Plateaux,335117.1319942189,0
21.0,Aucune,Plateaux,228238.8985025909,0
32.0,Technique/EPL,Centrale,1174800.2170104678,0
19.0,Commerciale,Plateaux,1843809.7321984507,0
32.0,Aucune,Maritime,2045259.3743286303,0
25.0,Technique/EPL,Savanes,859158.3473088181,0
25.0,Universitaire,Kara,1702628.0499077835,0
34.0,Commerciale,Savanes,1317327.7356339972,0
29.0,Universitaire,Centrale,1488277.0398378335,0
27.0,Technique/EPL,Kara,878453.6712785033,0
26.0,Universitaire,Kara,1203515.9687541642,0
22.0,Technique/EPL,Maritime,1837456.3565532807,0
23.0,Universitaire,Centrale,707305.4527727697,0
19.0,Commerciale,Plateaux,1839788.3674180596,0
30.0,Universitaire,Maritime,1096529.3867758159,0
23.0,Commerciale,Maritime,381403.2078504027,0
22.0,Aucune,Savanes,224993.91913382857,0
18.0,Universitaire,Savanes,650598.8856424646,0
,Commerciale,Savanes,991193.0211262447,0
23.0,Aucune,Maritime,2031459.2948871725,0
33.0,Commerciale,Plateaux,336376.2125935283,0
21.0,Technique/EPL,Kara,1810470.1834604507,0
28.0,Universitaire,Savanes,2187840.385021856,0
26.0,Commerciale,Plateaux,363328.0649959048,0
20.0,Universitaire,Centrale,2107805.6693603373,0
25.0,Aucune,Savanes,4962241.374678442,0
22.0,Universitaire,Kara,1497693.295531871,0
21.0,Universitaire,Centrale,1736046.576904805,0
23.0,Commerciale,Centrale,5387718.754300288,0
19.0,Technique/EPL,Kara,1130088.6126416735,0
28.0,Technique/EPL,Savanes,568005.1490040255,0
21.0,Universitaire,Maritime,2017267.0433771473,0
32.0,Technique/EPL,Kara,1153177.19304486,0
23.0,Universitaire,Kara,1070350.8729226205,0
34.0,Universitaire,Kara,492541.2665885079,0
23.0,Commerciale,Centrale,1611957.9502452782,0
19.0,Universitaire,Plateaux,285195.50943197776,0
32.0,Universitaire,Maritime,2780806.337807682,0
28.0,Aucune,Savanes,594263.2747266552,0
25.0,Aucune,Savanes,336707.4627597745,0
30.0,Aucune,Plateaux,784053.4017931984,0
29.0,Aucune,Kara,243398.13205719978,0
22.0,Universitaire,Maritime,1353996.6588373322,0
23.0,Universitaire,Savanes,2530012.9249535915,0
21.0,Universitaire,Savanes,2015619.9220612498,0
18.0,Commerciale,Kara,336243.0354618125,0
34.0,Commerciale,Plateaux,334985.17698021437,0
29.0,Commerciale,Maritime,1878972.8003797089,0
32.0,Universitaire,Plateaux,2780373.266589084,0
18.0,Universitaire,Plateaux,817427.3350060344,0
31.0,Technique/EPL,Maritime,891091.5286882932,0
23.0,Aucune,Maritime,583109.9198777336,0
22.0,Technique/EPL,Savanes,2446820.4335114174,0
28.0,Commerciale,Savanes,1235364.020684013,0
21.0,Commerciale,Maritime,540030.7687272088,0
30.0,Technique/EPL,Centrale,554937.6981875699,0
28.0,Technique/EPL,Savanes,2418244.616100983,0
20.0,Commerciale,Centrale,213727.820737668,0
18.0,Aucune,Maritime,589680.206849453,0
23.0,Technique/EPL,Savanes,1008236.3805886311,0
27.0,Commerciale,Plateaux,360424.02193716064,0
22.0,Technique/EPL,Maritime,296619.6664273626,0
27.0,Aucune,Kara,1888894.252128813,0
29.0,Universitaire,Centrale,2448138.4677450527,0
19.0,Commerciale,Maritime,1935037.5351546155,0
30.0,Universitaire,Maritime,2490536.8626612527,0
,Technique/EPL,Savanes,1005447.2102853091,0
19.0,Technique/EPL,Savanes,1872687.243549508,0
18.0,Technique/EPL,Savanes,684577.536011676,0
22.0,Universitaire,Kara,1297416.5882399827,0
26.0,Universitaire,Savanes,4695018.989015621,0
34.0,Aucune,Maritime,455831.6892661553,0
26.0,Commerciale,Savanes,694131.9849763273,0
28.0,Aucune,Plateaux,854017.5817691546,0
32.0,Technique/EPL,Savanes,348517.9748604118,0
23.0,Aucune,Kara,284511.17107276246,0
20.0,Technique/EPL,Plateaux,1970327.971154374,0
34.0,Universitaire,Maritime,3963360.47918542,0
22.0,Universitaire,Maritime,718731.9025642724,0
29.0,Aucune,Centrale,291731.41105738643,0
31.0,Universitaire,Plateaux,268077.32004344335,0
28.0,Aucune,Centrale,2419330.9906983688,0
26.0,Universitaire,Plateaux,823274.6289300531,0
19.0,Commerciale,Plateaux,585702.6530341598,0
,Technique/EPL,Kara,847144.2709674657,0
20.0,Universitaire,Centrale,583171.6072213554,0
20.0,Technique/EPL,Kara,871455.701616006,0
18.0,Aucune,Plateaux,2162949.272342656,0
25.0,Technique/EPL,Maritime,1097227.0320816315,0
25.0,Universitaire,Plateaux,1386308.9750800915,0
28.0,Universitaire,Kara,653611.7944229651,0
26.0,Aucune,Centrale,1541343.4756935805,0
22.0,Commerciale,Centrale,1298463.554367721,0
31.0,Universitaire,Kara,4910036.482636206,0
20.0,Commerciale,Centrale,1050135.2057836943,0
22.0,Universitaire,Savanes,496714.06680216425,0
22.0,Universitaire,Maritime,1830128.8492917411,0
31.0,Aucune,Maritime,755017.3667160388,0
21.0,Aucune,Maritime,5437065.213950173,0
30.0,Commerciale,Centrale,297062.1954206182,0
27.0,Technique/EPL,Centrale,1715710.1783102076,0
25.0,Commerciale,Plateaux,1319943.388121941,0
,Universitaire,Plateaux,1658860.0242499793,0
24.0,Aucune,Maritime,567490.0678252858,0
,Aucune,Savanes,877381.099720476,0
31.0,Technique/EPL,Plateaux,1792131.1409400601,0
23.0,Commerciale,Plateaux,464670.6532456003,0
18.0,Technique/EPL,Centrale,456226.2962200276,0
32.0,Technique/EPL,Savanes,1000845.8794053283,0
18.0,Technique/EPL,Maritime,941420.9950735056,0
34.0,Aucune,Plateaux,531651.3344445883,0
18.0,Technique/EPL,Savanes,553929.6450436874,0
,Aucune,Savanes,525515.7076890128,0
19.0,Commerciale,Maritime,1676271.8577807515,0
31.0,Technique/EPL,Savanes,1255267.970701764,0
25.0,Technique/EPL,Savanes,1986277.6225044932,0
,Technique/EPL,Savanes,3907981.881819166,0
24.0,Technique/EPL,Plateaux,842766.4653629212,0
23.0,Commerciale,Maritime,269022.0305607683,0
23.0,Universitaire,Savanes,249287.2136106786,0
20.0,Aucune,Savanes,550501.2394901756,0
24.0,Universitaire,Plateaux,2896288.4823840084,0
25.0,Aucune,Maritime,940685.5439977824,0
27.0,Aucune,Centrale,517161.02663131076,0
32.0,Commerciale,Plateaux,709437.9112695612,0
,Universitaire,Maritime,1112784.6538667553,0
18.0,Commerciale,Savanes,1258285.4321454295,0
24.0,Technique/EPL,Maritime,367140.7818010513,0
21.0,Universitaire,Maritime,3973639.2534157922,0
,Aucune,Maritime,986957.3852517576,0
18.0,Technique/EPL,Centrale,345821.8319343269,0
22.0,Commerciale,Maritime,2440881.0854170946,0
18.0,Technique/EPL,Centrale,277570.7325259398,0
21.0,Commerciale,Savanes,2583095.102592509,0
19.0,Universitaire,Centrale,5873929.43094552,0
27.0,Aucune,Savanes,1405413.1716788055,0
22.0,Universitaire,Savanes,1671622.302387583,0
27.0,Universitaire,Centrale,611437.1600653464,0
18.0,Technique/EPL,Plateaux,3040043.1103811045,0
23.0,Commerciale,Kara,954414.1866412596,0
30.0,Universitaire,Maritime,1518218.7775103948,0
32.0,Aucune,Kara,2778440.258658308,0
21.0,Universitaire,Maritime,3896104.5312572448,0
30.0,Commerciale,Maritime,1990985.9080836875,0
32.0,Aucune,Savanes,560994.9861583428,0
25.0,Commerciale,Maritime,3597629.2515788367,0
22.0,Technique/EPL,Maritime,1189182.7968907347,0
32.0,Universitaire,Centrale,2868480.650030141,0
21.0,Universitaire,Kara,1327335.9694869895,0
29.0,Technique/EPL,Centrale,567070.1615481933,0
30.0,Technique/EPL,Maritime,662074.3875650612,0
,Universitaire,Savanes,999556.639728801,0
21.0,Technique/EPL,Centrale,1760718.424856876,0
21.0,Universitaire,Centrale,582700.0369209903,0
28.0,Aucune,Plateaux,1066860.6918360828,0
22.0,Commerciale,Maritime,624074.6875409484,0
28.0,Universitaire,Savanes,1891567.0703387249,0
27.0,Commerciale,Centrale,828723.8418705247,0
25.0,Aucune,Centrale,279825.79362504877,0
23.0,Universitaire,Savanes,381584.85400394956,0
23.0,Universitaire,Maritime,263051.27310035395,0
25.0,Technique/EPL,Plateaux,891754.0434548901,0
32.0,Technique/EPL,Centrale,312426.8650991275,0
31.0,Aucune,Plateaux,321196.3197618143,0
28.0,Universitaire,Kara,3031036.1365459124,0
29.0,Universitaire,Maritime,2260855.906980048,0
30.0,Aucune,Kara,801638.0278995362,0
25.0,Universitaire,Kara,4454888.0923563875,0
18.0,Technique/EPL,Kara,200186.54556920592,0
32.0,Aucune,Maritime,1151864.688843898,0
25.0,Commerciale,Maritime,1158228.3937591063,0
28.0,Commerciale,Savanes,811462.2329376271,0
29.0,Universitaire,Plateaux,705751.8056025819,0
29.0,Aucune,Plateaux,807672.732421733,0
21.0,Universitaire,Savanes,736075.8034041038,0
33.0,Technique/EPL,Savanes,1511158.9761554783,0
21.0,Technique/EPL,Kara,345436.76397943683,0
22.0,Technique/EPL,Savanes,420196.9226306414,0
22.0,Universitaire,Centrale,399083.1243554906,0
25.0,Universitaire,Plateaux,504449.3069821947,0
27.0,Technique/EPL,Savanes,944984.6625308786,0
34.0,Universitaire,Centrale,317892.8824448171,0
26.0,Commerciale,Centrale,2226236.719906846,0
31.0,Technique/EPL,Centrale,552912.7887398653,0
25.0,Universitaire,Centrale,377379.37448321993,0
26.0,Commerciale,Kara,1325843.6481656013,0
28.0,Technique/EPL,Centrale,238830.541903276,0
18.0,Technique/EPL,Kara,1167501.305667791,0
31.0,Universitaire,Kara,1397985.5327828482,0
22.0,Universitaire,Centrale,441965.2374086334,0
31.0,Commerciale,Plateaux,242870.00008984597,0
21.0,Technique/EPL,Centrale,651999.259287813,0
18.0,Commerciale,Centrale,303799.7678607147,0
25.0,Aucune,Centrale,323838.91642555414,0
32.0,Aucune,Plateaux,493379.91630392894,0
32.0,Universitaire,Maritime,550221.4194062429,0
26.0,Technique/EPL,Maritime,954959.4820592762,0
26.0,Technique/EPL,Kara,1334421.5103507787,0
27.0,Technique/EPL,Kara,1098379.4530066615,0
26.0,Technique/EPL,Plateaux,360591.772704382,0
20.0,Aucune,Savanes,388846.03392355726,0
28.0,Commerciale,Maritime,2310059.5229471107,0
23.0,Technique/EPL,Kara,1017242.807657137,0
19.0,Universitaire,Maritime,2239742.734352474,0
24.0,Universitaire,Plateaux,664493.2573813719,0
19.0,Commerciale,Plateaux,1152954.735517852,0
34.0,Aucune,Savanes,941630.5655056183,0
28.0,Commerciale,Savanes,8765614.879238088,0
29.0,Universitaire,Plateaux,834718.6097744199,0
24.0,Universitaire,Kara,898141.3845153118,0
23.0,Universitaire,Maritime,424107.7344352475,0
18.0,Commerciale,Centrale,578351.5829903679,0
34.0,Technique/EPL,Savanes,1767383.4801108856,0
28.0,Universitaire,Centrale,2674420.69354587,0
34.0,Universitaire,Kara,645965.4255365736,0
24.0,Universitaire,Savanes,566685.2837797015,0
34.0,Commerciale,Centrale,417157.95649659936,0
26.0,Technique/EPL,Kara,1334730.2664766996,0
34.0,Commerciale,Maritime,590231.2867324636,0
25.0,Aucune,Kara,4602191.7181431465,0
34.0,Aucune,Savanes,594057.6246611804,0
24.0,Aucune,Plateaux,701099.8177579399,0
18.0,Technique/EPL,Maritime,1124661.156871495,0
30.0,Universitaire,Centrale,1817895.0392875473,0
34.0,Aucune,Savanes,833970.5059874889,0
30.0,Aucune,Plateaux,749317.0614727932,0
33.0,Commerciale,Kara,5634786.463101436,0
25.0,Commerciale,Plateaux,210549.0876235757,0
18.0,Commerciale,Savanes,2454416.9208048196,0
31.0,Commerciale,Savanes,361508.64699297544,0
32.0,Universitaire,Plateaux,1741430.1483143824,0
19.0,Aucune,Kara,1162155.5237172565,0
34.0,Technique/EPL,Plateaux,618318.2856766095,0
23.0,Universitaire,Savanes,2270481.4476504945,0
21.0,Technique/EPL,Savanes,212991.25002557805,0
18.0,Universitaire,Centrale,457076.11908501067,0
25.0,Aucune,Centrale,1036769.9979041221,0
24.0,Technique/EPL,Maritime,633158.4431928147,0
20.0,Universitaire,Savanes,1142576.9453253532,0
27.0,Universitaire,Centrale,224405.6020257278,0
27.0,Universitaire,Plateaux,323817.5032792526,0
31.0,Universitaire,Kara,335929.9700195434,0
19.0,Aucune,Plateaux,409837.03439807345,0
18.0,Aucune,Kara,814948.832612105,0
24.0,Commerciale,Centrale,1594845.6172906568,0
25.0,Universitaire,Maritime,2559566.512333868,0
18.0,Aucune,Plateaux,2004070.1169613423,0
20.0,Commerciale,Plateaux,419260.9381406796,0
25.0,Technique/EPL,Plateaux,781875.1663063817,0
32.0,Technique/EPL,Kara,422408.3188620105,0
22.0,Aucune,Centrale,507166.42107137217,0
20.0,Universitaire,Plateaux,900266.4253757589,0
18.0,Universitaire,Plateaux,270539.45045624406,0
32.0,Technique/EPL,Maritime,446123.49115757266,0
25.0,Commerciale,Maritime,2939202.865061733,0
19.0,Technique/EPL,Centrale,827577.2402527148,0
20.0,Technique/EPL,Centrale,789483.8510683018,0
31.0,Aucune,Savanes,214674.29753339055,0
31.0,Technique/EPL,Maritime,484221.06473243114,0
28.0,Aucune,Savanes,2212100.2219209014,0
33.0,Universitaire,Kara,379878.65701527905,0
21.0,Commerciale,Savanes,736357.0264142208,0
22.0,Universitaire,Plateaux,214434.58503482438,0
31.0,Technique/EPL,Savanes,850730.582902791,0
33.0,Aucune,Centrale,221245.19615923177,0
24.0,Technique/EPL,Kara,1912631.6276659733,0
27.0,Technique/EPL,Plateaux,1942134.039630526,0
24.0,Universitaire,Savanes,26249304.75358233,0
18.0,Aucune,Kara,533187.3342730205,0
33.0,Universitaire,Kara,2015461.4647057988,0
21.0,Commerciale,Plateaux,983067.801893369,0
19.0,Technique/EPL,Savanes,668098.4194981758,0
18.0,Commerciale,Kara,1181709.5328890167,0
32.0,Universitaire,Kara,212417.8291456879,0
22.0,Universitaire,Maritime,354271.71101878164,0
28.0,Universitaire,Kara,1555934.0866295088,0
27.0,Technique/EPL,Maritime,479927.6937973298,0
19.0,Technique/EPL,Savanes,1111325.870542572,0
20.0,Technique/EPL,Savanes,686299.8589525202,0
29.0,Technique/EPL,Savanes,2129682.976276424,0
22.0,Universitaire,Centrale,3245244.1240058485,0
22.0,Aucune,Savanes,2350419.7687116996,0
23.0,Commerciale,Kara,515560.41350535565,0
26.0,Universitaire,Plateaux,415873.62767133594,0
19.0,Technique/EPL,Maritime,843281.2021828323,0
29.0,Aucune,Centrale,207361.17794878763,0
20.0,Commerciale,Savanes,226148.29927307315,0
29.0,Commerciale,Savanes,1005847.0963394652,0
34.0,Universitaire,Plateaux,934905.8723217961,0
27.0,Technique/EPL,Plateaux,5418026.511559739,0
31.0,Technique/EPL,Centrale,425448.49987306196,0
34.0,Aucune,Maritime,498546.11187895096,0
34.0,Aucune,Savanes,320520.0003465611,0
31.0,Universitaire,Centrale,2695478.4507170836,0
26.0,Universitaire,Kara,1704228.0081806306,0
25.0,Universitaire,Kara,1927878.6662844492,0
19.0,Commerciale,Centrale,2530612.0850904705,0
30.0,Universitaire,Savanes,944229.9428495402,0
24.0,Technique/EPL,Centrale,800008.796398737,0
26.0,Technique/EPL,Savanes,601062.026413653,0
28.0,Commerciale,Plateaux,1089684.3768961292,0
31.0,Aucune,Centrale,805646.3175028443,0
21.0,Commerciale,Savanes,800687.5809024584,0
30.0,Commerciale,Centrale,2963476.1874855417,0
19.0,Aucune,Centrale,4337138.141484512,0
22.0,Universitaire,Savanes,1792012.566130468,0
28.0,Commerciale,Savanes,1613698.8174492929,0
23.0,Universitaire,Maritime,1341180.0617330265,0
27.0,Commerciale,Centrale,381611.63165066915,0
21.0,Commerciale,Kara,260924.60148622017,0
26.0,Technique/EPL,Centrale,1373528.6824878992,0
23.0,Technique/EPL,Centrale,1504847.9213175878,0
19.0,Commerciale,Savanes,248112.03480417962,0
34.0,Universitaire,Centrale,2831808.171571431,0
22.0,Aucune,Centrale,295564.9156358873,0
23.0,Aucune,Kara,536733.0179013787,0
29.0,Universitaire,Savanes,1315930.8310236565,0
27.0,Commerciale,Centrale,386176.0892540247,0
23.0,Commerciale,Plateaux,257010.54194767695,0
25.0,Universitaire,Maritime,602190.2101912242,0
19.0,Aucune,Kara,1652312.6960240563,0
29.0,Technique/EPL,Centrale,733887.3103060564,0
,Commerciale,Plateaux,1258352.467232401,0
24.0,Aucune,Centrale,1066594.06733878,0
27.0,Technique/EPL,Centrale,222469.0306582637,0
30.0,Aucune,Savanes,4668891.437304094,0
34.0,Universitaire,Savanes,242310.69460474295,0
31.0,Commerciale,Savanes,3635873.8501854776,0
19.0,Technique/EPL,Plateaux,998205.9159011393,0
28.0,Technique/EPL,Centrale,3501144.658200725,0
18.0,Universitaire,Maritime,321889.2539840839,0
21.0,Commerciale,Kara,874145.8922609246,0
28.0,Aucune,Savanes,385732.276931965,0
25.0,Technique/EPL,Savanes,252320.00761665404,0
28.0,Technique/EPL,Centrale,1161102.746422619,0
21.0,Commerciale,Centrale,432920.4661689368,0
34.0,Technique/EPL,Plateaux,1085996.8073952289,0
24.0,Aucune,Plateaux,319194.072893965,0
25.0,Universitaire,Savanes,603446.853304314,0
20.0,Universitaire,Centrale,1721576.1215596,0
19.0,Aucune,Maritime,774567.1680712063,0
32.0,Commerciale,Kara,1188177.290226814,0
